devices,rate,scenario,policy,regressions,rejections,expired,coalesced
4,2,degraded,fifo,0.0,0.0,0.0,0.0
4,2,degraded,latest,0.0,0.0,0.0,0.0
4,2,degraded,latest_no_guard,0.0,0.0,0.0,0.0
4,2,degraded,no_buffer,0.0,0.0,0.0,0.0
4,2,degraded,ttl,0.0,0.0,0.0,0.0
4,2,healthy,fifo,0.0,0.0,0.0,0.0
4,2,healthy,latest,0.0,0.0,0.0,0.0
4,2,healthy,latest_no_guard,0.0,0.0,0.0,0.0
4,2,healthy,no_buffer,0.0,0.0,0.0,0.0
4,2,healthy,ttl,0.0,0.0,0.0,0.0
4,2,outage,fifo,0.0,30.2,0.0,0.0
4,2,outage,latest,0.0,0.0,0.0,117.0
4,2,outage,latest_no_guard,0.0,0.0,0.0,117.0
4,2,outage,no_buffer,0.0,0.0,0.0,0.0
4,2,outage,ttl,0.0,1.0,112.0,0.0
4,2,overloaded,fifo,0.0,0.0,0.0,0.0
4,2,overloaded,latest,0.0,0.0,0.0,0.0
4,2,overloaded,latest_no_guard,0.0,0.0,0.0,0.0
4,2,overloaded,no_buffer,0.0,0.0,0.0,0.0
4,2,overloaded,ttl,0.0,0.0,0.0,0.0
4,5,degraded,fifo,0.0,0.0,0.0,0.0
4,5,degraded,latest,0.0,0.0,0.0,0.0
4,5,degraded,latest_no_guard,0.0,0.0,0.0,0.0
4,5,degraded,no_buffer,0.0,0.0,0.0,0.0
4,5,degraded,ttl,0.0,0.0,0.0,0.0
4,5,healthy,fifo,0.0,0.0,0.0,0.0
4,5,healthy,latest,0.0,0.0,0.0,0.0
4,5,healthy,latest_no_guard,0.0,0.0,0.0,0.0
4,5,healthy,no_buffer,0.0,0.0,0.0,0.0
4,5,healthy,ttl,0.0,0.0,0.0,0.0
4,5,outage,fifo,0.0,89.9,0.0,0.0
4,5,outage,latest,0.0,0.0,0.0,297.0
4,5,outage,latest_no_guard,0.0,0.0,0.0,297.0
4,5,outage,no_buffer,0.0,0.0,0.0,0.0
4,5,outage,ttl,0.0,4.4,281.0,0.0
4,5,overloaded,fifo,0.0,146.6,0.0,0.0
4,5,overloaded,latest,0.0,146.6,0.0,0.0
4,5,overloaded,latest_no_guard,146.6,0.0,0.0,0.0
4,5,overloaded,no_buffer,0.0,146.5,0.0,0.0
4,5,overloaded,ttl,0.0,146.6,0.0,0.0
4,10,degraded,fifo,0.0,295.4,0.0,0.0
4,10,degraded,latest,0.0,295.4,0.0,0.0
4,10,degraded,latest_no_guard,295.4,0.0,0.0,0.0
4,10,degraded,no_buffer,0.0,295.1,0.0,0.0
4,10,degraded,ttl,0.0,295.4,0.0,0.0
4,10,healthy,fifo,0.0,0.0,0.0,0.0
4,10,healthy,latest,0.0,0.0,0.0,0.0
4,10,healthy,latest_no_guard,0.0,0.0,0.0,0.0
4,10,healthy,no_buffer,0.0,0.0,0.0,0.0
4,10,healthy,ttl,0.0,0.0,0.0,0.0
4,10,outage,fifo,0.0,224.5,0.0,0.0
4,10,outage,latest,0.0,0.7,0.0,597.0
4,10,outage,latest_no_guard,0.7,0.0,0.0,597.0
4,10,outage,no_buffer,0.0,0.0,0.0,0.0
4,10,outage,ttl,0.0,14.2,560.0,0.0
4,10,overloaded,fifo,0.0,146.6,0.0,0.0
4,10,overloaded,latest,0.0,151.8,0.0,1198.0
4,10,overloaded,latest_no_guard,151.8,0.0,0.0,1198.0
4,10,overloaded,no_buffer,0.0,400.6,0.0,0.0
4,10,overloaded,ttl,0.0,392.7,1161.0,0.0
16,2,degraded,fifo,0.0,0.0,0.0,0.0
16,2,degraded,latest,0.0,0.0,0.0,0.0
16,2,degraded,latest_no_guard,0.0,0.0,0.0,0.0
16,2,degraded,no_buffer,0.0,0.0,0.0,0.0
16,2,degraded,ttl,0.0,0.0,0.0,0.0
16,2,healthy,fifo,0.0,0.0,0.0,0.0
16,2,healthy,latest,0.0,0.0,0.0,0.0
16,2,healthy,latest_no_guard,0.0,0.0,0.0,0.0
16,2,healthy,no_buffer,0.0,0.0,0.0,0.0
16,2,healthy,ttl,0.0,0.0,0.0,0.0
16,2,outage,fifo,0.0,0.0,0.0,0.0
16,2,outage,latest,0.0,0.0,0.0,465.0
16,2,outage,latest_no_guard,0.0,0.0,0.0,465.0
16,2,outage,no_buffer,0.0,0.0,0.0,0.0
16,2,outage,ttl,0.0,0.0,448.0,0.0
16,2,overloaded,fifo,0.0,0.0,0.0,0.0
16,2,overloaded,latest,0.0,0.0,0.0,707.0
16,2,overloaded,latest_no_guard,0.0,0.0,0.0,707.0
16,2,overloaded,no_buffer,0.0,0.0,0.0,0.0
16,2,overloaded,ttl,0.0,0.0,689.0,0.0
16,5,degraded,fifo,0.0,0.0,0.0,0.0
16,5,degraded,latest,0.0,0.0,0.0,1188.0
16,5,degraded,latest_no_guard,0.0,0.0,0.0,1188.0
16,5,degraded,no_buffer,0.0,0.0,0.0,0.0
16,5,degraded,ttl,0.0,0.0,1121.0,0.0
16,5,healthy,fifo,0.0,0.0,0.0,0.0
16,5,healthy,latest,0.0,0.0,0.0,0.0
16,5,healthy,latest_no_guard,0.0,0.0,0.0,0.0
16,5,healthy,no_buffer,0.0,0.0,0.0,0.0
16,5,healthy,ttl,0.0,0.0,0.0,0.0
16,5,outage,fifo,0.0,0.0,0.0,0.0
16,5,outage,latest,0.0,0.0,0.0,1185.0
16,5,outage,latest_no_guard,0.0,0.0,0.0,1185.0
16,5,outage,no_buffer,0.0,0.0,0.0,0.0
16,5,outage,ttl,0.0,0.0,1121.0,0.0
16,5,overloaded,fifo,0.0,0.0,0.0,0.0
16,5,overloaded,latest,0.0,0.0,0.0,3586.0
16,5,overloaded,latest_no_guard,0.0,0.0,0.0,3586.0
16,5,overloaded,no_buffer,0.0,147.4,0.0,0.0
16,5,overloaded,ttl,0.0,148.3,3521.0,0.0
16,10,degraded,fifo,0.0,0.0,0.0,0.0
16,10,degraded,latest,0.0,0.0,0.0,5986.0
16,10,degraded,latest_no_guard,0.0,0.0,0.0,5986.0
16,10,degraded,no_buffer,0.0,452.3,0.0,0.0
16,10,degraded,ttl,0.0,435.5,5840.0,0.0
16,10,healthy,fifo,0.0,0.0,0.0,0.0
16,10,healthy,latest,0.0,0.0,0.0,0.0
16,10,healthy,latest_no_guard,0.0,0.0,0.0,0.0
16,10,healthy,no_buffer,0.0,0.0,0.0,0.0
16,10,healthy,ttl,0.0,0.0,0.0,0.0
16,10,outage,fifo,0.0,0.0,0.0,0.0
16,10,outage,latest,0.0,0.0,0.0,4192.0
16,10,outage,latest_no_guard,0.0,0.0,0.0,4192.0
16,10,outage,no_buffer,0.0,0.0,0.0,0.0
16,10,outage,ttl,0.0,0.0,4042.0,0.0
16,10,overloaded,fifo,0.0,0.0,0.0,0.0
16,10,overloaded,latest,0.0,0.0,0.0,8385.0
16,10,overloaded,latest_no_guard,0.0,0.0,0.0,8385.0
16,10,overloaded,no_buffer,0.0,403.0,0.0,0.0
16,10,overloaded,ttl,0.0,400.0,8241.0,0.0
