run,sampled_aoi,event_integral_aoi,absolute_difference
degraded-fifo-q1-s0,2.1452644055500505,2.1415809077479926,0.0036834978020579
outage-latest-q0-s2,0.5013110981432469,0.4936927554943799,0.007618342648867016
overloaded-latest-q1-s2,0.2260014884170365,0.22381378650229164,0.0021877019147448495
healthy-latest-q2-s1,0.0589110668762413,0.05931301900458965,0.00040195212834834987
healthy-fifo-q0-s0,0.6816776560987559,0.6806125155010188,0.001065140597737102
overloaded-latest-q0-s0,0.2345564396367857,0.22907510950263227,0.005481330134153445
degraded-no_buffer-q1-s1,0.1625383006027311,0.16028062499274248,0.0022576756099886297
healthy-fifo-q1-s1,0.6775562274387629,0.6850974302493376,0.0075412028105746876
overloaded-no_buffer-q0-s1,0.2322239743902747,0.22787325499972638,0.004350719390548319
outage-no_buffer-q0-s1,0.5065321597615711,0.5032636480055264,0.003268511756044701
overloaded-latest-q0-s2,0.2342918170774904,0.2270262535038316,0.00726556357365879
overloaded-no_buffer-q0-s2,0.2337295548736642,0.22929230049543975,0.004437254378224453
outage-fifo-q1-s1,1.8323079018261244,1.8391204214980106,0.00681251967188623
outage-no_buffer-q0-s2,0.5120297920208319,0.5067949894973974,0.005234802523434445
overloaded-no_buffer-q2-s0,0.2324554018266562,0.23193268999770647,0.0005227118289497235
overloaded-fifo-q2-s2,2.6270771662516283,2.6209562057484446,0.006120960503183781
overloaded-fifo-q0-s2,2.6224927243912908,2.6223402187502862,0.00015250564100455222
outage-fifo-q2-s2,1.83437129207044,1.8353475179987453,0.0009762259283052632
overloaded-fifo-q2-s1,2.620218646955208,2.62070036175115,0.0004817147959421675
degraded-no_buffer-q1-s2,0.159402466261999,0.15968841000471432,0.00028594374271531664
healthy-fifo-q2-s0,0.692063468714991,0.6933633282527112,0.0012998595377201605
degraded-latest-q1-s1,0.1488930294437892,0.14806580324614046,0.0008272261976487449
healthy-latest-q1-s2,0.0482853613444651,0.05795052599435183,0.009665164649886732
outage-fifo-q2-s0,1.8475843469478157,1.847589455748312,5.108800496200772e-06
outage-no_buffer-q2-s2,0.4997710073116241,0.5033774737456079,0.0036064664339838237
overloaded-fifo-q0-s1,2.623307963420736,2.621174982001758,0.0021329814189781082
degraded-fifo-q1-s2,2.133089879267973,2.134112509749792,0.0010226304818190535
outage-fifo-q1-s0,1.843086243290228,1.846607778499056,0.0035215352088280305
outage-no_buffer-q1-s1,0.5061019670684122,0.5095588272449498,0.0034568601765376794
degraded-fifo-q2-s1,2.1315185463381088,2.131739933748432,0.00022138741032318165
healthy-no_buffer-q0-s1,0.0653125310982035,0.06319909150025078,0.00211343959795271
healthy-no_buffer-q1-s1,0.0542948774435879,0.06352433250431669,0.009229455060728788
overloaded-no_buffer-q2-s1,0.2335311323206306,0.23167265825319622,0.0018584740674343903
outage-latest-q1-s0,0.5051542619608455,0.5067206522482997,0.0015663902874542002
degraded-no_buffer-q0-s2,0.1631269469494704,0.1586750482488832,0.004451898700587209
degraded-latest-q1-s2,0.1495389103644256,0.14904614224804838,0.000492768116377218
degraded-fifo-q0-s1,2.1291872453936382,2.134031124497814,0.00484387910417583
healthy-latest-q0-s1,0.0612906786639122,0.058237804255227385,0.0030528744086848122
degraded-no_buffer-q2-s2,0.1617864487815563,0.15999503475145038,0.001791414030105909
overloaded-latest-q2-s0,0.2374751152365337,0.23648532674430006,0.0009897884922336342
degraded-latest-q0-s2,0.155688563412487,0.1497202612477529,0.005968302164734096
healthy-latest-q0-s0,0.0597726231665261,0.0579373274957881,0.0018352956707380005
healthy-fifo-q2-s2,0.6831084036524226,0.6840150447451396,0.0009066410927169866
overloaded-latest-q2-s2,0.2313552475622267,0.22846526700163367,0.0028899805605930307
overloaded-no_buffer-q1-s2,0.2325679237737504,0.22972607324351388,0.0028418505302365282
degraded-fifo-q2-s2,2.1383321736210417,2.1386074157506303,0.0002752421295886265
healthy-no_buffer-q2-s2,0.064461830680451,0.06421432100560664,0.00024750967484435393
overloaded-latest-q1-s1,0.2304960384086549,0.22873869274408634,0.0017573456645685603
outage-latest-q0-s1,0.5056265798731222,0.5039840362461511,0.001642543626971138
overloaded-no_buffer-q1-s1,0.2310839414709468,0.22929945250660663,0.001784488964340164
degraded-fifo-q1-s1,2.130360575464532,2.1362114547517193,0.005850879287187194
healthy-latest-q1-s1,0.0487270317060661,0.05789974049876503,0.009172708792698929
healthy-latest-q1-s0,0.0484448884161862,0.058002777751685365,0.009557889335499163
outage-no_buffer-q0-s0,0.5085882591427267,0.5104490572471736,0.001860798104446948
overloaded-fifo-q1-s0,2.6209932359820134,2.619119877501689,0.0018733584803243275
overloaded-fifo-q1-s1,2.620655823316591,2.6182866247510894,0.0023691985655016623
outage-no_buffer-q1-s2,0.5042332331271664,0.5084142019967153,0.0041809688695488845
outage-fifo-q2-s1,1.833420600605652,1.8352544667479394,0.0018338661422874214
outage-latest-q2-s2,0.5040132889548974,0.5022598072469233,0.0017534817079740694
degraded-no_buffer-q0-s0,0.1650181103659279,0.16048128700000672,0.004536823365921178
outage-latest-q1-s1,0.4985207682968491,0.5042375175041565,0.005716749207307359
healthy-latest-q2-s0,0.0582800701215183,0.05900043949889107,0.0007203693773727704
outage-no_buffer-q2-s1,0.4955605615833554,0.49726725249817205,0.0017066909148166776
overloaded-no_buffer-q0-s0,0.2310533152493405,0.2276489852547499,0.003404329994590588
degraded-fifo-q0-s0,2.135144916461945,2.135562900999359,0.00041798453741392905
outage-latest-q0-s0,0.5106160417146158,0.5061351967477866,0.004480844966829212
overloaded-latest-q2-s1,0.2317561390184384,0.22928425549417147,0.0024718835242669157
outage-fifo-q0-s0,1.8481531091532568,1.8516581077531007,0.003504998599843878
outage-no_buffer-q2-s0,0.4912175798838946,0.49786443375662603,0.006646853872731451
overloaded-fifo-q0-s0,2.621701986590265,2.618393220501312,0.003308766088952808
healthy-no_buffer-q1-s2,0.0540635585312199,0.06358348774527725,0.009519929214057352
degraded-latest-q2-s0,0.1522135920770846,0.1510306222544794,0.0011829698226051844
outage-fifo-q0-s1,1.8459754576719627,1.8495363502515467,0.0035608925795840296
overloaded-no_buffer-q2-s2,0.2299743073120957,0.22737254799482315,0.0026017593172725506
healthy-fifo-q1-s2,0.6803230999933624,0.689382973745017,0.009059873751654623
overloaded-fifo-q2-s0,2.6172067500000846,2.6174341855000955,0.0002274355000109196
degraded-no_buffer-q2-s1,0.1624421742306802,0.1626444387477431,0.00020226451706290005
healthy-fifo-q0-s2,0.6865209493891893,0.6841775822491428,0.0023433671400464595
overloaded-latest-q0-s1,0.2307716634196609,0.2260296702551247,0.004741993164536218
degraded-no_buffer-q2-s0,0.1634299085824795,0.1615107937430774,0.001919114839402103
healthy-fifo-q0-s1,0.6908755828237421,0.6899627362515851,0.0009128465721569556
overloaded-no_buffer-q1-s0,0.2313100652471647,0.230135144752098,0.001174920495066678
overloaded-latest-q1-s0,0.2335857524399948,0.23172674975067342,0.0018590026893213762
degraded-latest-q1-s0,0.1469089447776045,0.148705166992554,0.0017962222149495166
degraded-latest-q2-s1,0.1526198298787521,0.15111372000047124,0.0015061098782808702
outage-no_buffer-q1-s0,0.4894781756057089,0.49513915324464,0.005660977638931086
healthy-no_buffer-q2-s0,0.0648219030620462,0.06440343299459081,0.0004184700674553926
healthy-latest-q0-s2,0.0586687402405806,0.05782585574612786,0.0008428844944527378
healthy-no_buffer-q0-s0,0.0686291440925354,0.06579105674369667,0.002838087348838725
healthy-no_buffer-q2-s1,0.0691673666647964,0.07053539474800805,0.0013680280832116393
outage-fifo-q1-s2,1.9487622135796496,1.9553252802497085,0.0065630666700589035
degraded-no_buffer-q1-s0,0.1617799969006849,0.16265772450675722,0.000877727606072326
outage-latest-q2-s1,0.4998384288399916,0.5036873555064125,0.0038489266664209487
healthy-fifo-q2-s1,0.8253131530806007,0.8244624407458128,0.0008507123347879508
healthy-fifo-q1-s0,0.7630157881974444,0.772485795748547,0.00947000755110261
outage-latest-q2-s0,0.5082077386572317,0.5092198670077815,0.001012128350549868
healthy-no_buffer-q1-s0,0.0542312774362718,0.06365830724641011,0.009427029810138314
outage-latest-q1-s2,0.4924390597508566,0.5008404037440449,0.008401343993188315
healthy-no_buffer-q0-s2,0.0659877325207694,0.06489375625497368,0.0010939762657957153
overloaded-fifo-q1-s2,2.6193468420712707,2.62232793474941,0.0029810926781395075
outage-fifo-q0-s2,1.831628567489752,1.836635095502352,0.005006528012600153
degraded-fifo-q0-s2,2.134342383533979,2.1326945457488167,0.0016478377851623094
degraded-no_buffer-q0-s1,0.1624679404947998,0.15940180750462313,0.003066132990176662
degraded-latest-q0-s0,0.1549097164621565,0.14993466349868398,0.0049750529634725316
degraded-latest-q0-s1,0.1547878780480017,0.15089231824950258,0.003895559798499121
degraded-latest-q2-s2,0.1496366627980246,0.15043384324377695,0.0007971804457523601
healthy-latest-q2-s2,0.0598631642011175,0.06086815175364348,0.0010049875525259822
degraded-fifo-q2-s0,2.1649783699972263,2.1633337187485813,0.0016446512486449905
