run_fifo,seed,qos,policy_fifo,scenario,generated_fifo,published_fifo,received_unique_fifo,accepted_fifo,callbacks_fifo,rejected_callbacks_fifo,receipt_ratio_fifo,age_seconds_midpoint_fifo,age_clock_envelope_lower_fifo,age_clock_envelope_upper_fifo,clock_offset_lower_fifo,clock_offset_upper_fifo,max_queue_fifo,edge_wall_seconds_fifo,cloud_wall_seconds_fifo,edge_cpu_seconds_fifo,cloud_cpu_seconds_fifo,edge_peak_rss_bytes_fifo,cloud_peak_rss_bytes_fifo,failures_fifo,run_latest,policy_latest,generated_latest,published_latest,received_unique_latest,accepted_latest,callbacks_latest,rejected_callbacks_latest,receipt_ratio_latest,age_seconds_midpoint_latest,age_clock_envelope_lower_latest,age_clock_envelope_upper_latest,clock_offset_lower_latest,clock_offset_upper_latest,max_queue_latest,edge_wall_seconds_latest,cloud_wall_seconds_latest,edge_cpu_seconds_latest,cloud_cpu_seconds_latest,edge_peak_rss_bytes_latest,cloud_peak_rss_bytes_latest,failures_latest,age_reduction_percent,age_reduction_conservative_percent
wan-tunnel_break-fifo-q1-s2,2,1,fifo,tunnel_break,396,79,79,79,80,1,0.1994949494949495,9.294651087130992,9.278777896604563,9.310689434090792,0.0778646469116211,0.24881744384765625,318,20.016665935516357,34.264021158218384,0.375,0.06177328499999998,26980352,25169920,0,wan-tunnel_break-latest-q1-s2,latest,396,74,74,74,75,1,0.18686868686868688,1.954123677255623,1.864571423699814,2.04333700314001,0.07082819938659668,0.24912786483764648,4,20.008018970489502,34.9689257144928,0.5625,0.056359603999999994,27013120,25141248,0,78.97582535442105,77.97838221898014
wan-healthy-fifo-q2-s1,1,2,fifo,healthy,396,38,38,38,38,0,0.09595959595959595,10.59382423133485,10.567400242595166,10.62055012355729,0.06747746467590332,0.6192262172698975,359,20.043471813201904,34.51629185676575,0.328125,0.036515703,27004928,25296896,0,wan-healthy-latest-q2-s1,latest,396,38,38,38,38,0,0.09595959595959595,1.4424930262713382,1.1697968487481623,1.7188089335660277,0.07301878929138184,0.6222057342529297,4,20.408262491226196,35.039976835250854,0.375,0.038911841,26943488,25268224,0,86.38364206567944,83.73479858709393
wan-healthy-fifo-q0-s1,1,0,fifo,healthy,396,214,214,214,214,0,0.5404040404040404,5.495587294460498,5.446385318416158,5.544813860587016,0.06796860694885254,0.24978899955749512,183,20.00118374824524,34.5541627407074,0.5625,0.137404159,26923008,25321472,0,wan-healthy-latest-q0-s1,latest,396,213,213,213,213,0,0.5378787878787878,0.3702055792975636,0.28052066774499773,0.4600829085992993,0.07608485221862793,0.25600314140319824,4,19.993119716644287,34.59516954421997,0.578125,0.12536780400000003,26939392,25198592,0,93.26358477335576,91.55250901834661
wan-tunnel_break-fifo-q2-s0,0,2,fifo,tunnel_break,396,26,26,26,26,0,0.06565656565656566,10.913114418953356,10.896372769111982,10.929448977684004,0.06557273864746094,0.6225230693817139,371,20.28674578666687,34.85566830635071,0.40625,0.027785450000000003,26898432,25313280,0,wan-tunnel_break-latest-q2-s0,latest,396,25,25,25,25,0,0.06313131313131314,3.2251440675485066,2.9439175983955916,3.504350452154812,0.06881570816040039,0.6277599334716797,4,20.212849617004395,35.07265567779541,0.5,0.027148194,26939392,25100288,0,70.44707914042176,67.83929362173974
wan-tunnel_break-fifo-q0-s1,1,0,fifo,tunnel_break,396,151,151,151,151,0,0.3813131313131313,7.180339534419412,7.147323304522294,7.21335671823108,0.06639957427978516,0.25334858894348145,247,20.00082302093506,34.44969296455383,0.375,0.09354935200000002,26996736,25362432,0,wan-tunnel_break-latest-q0-s1,latest,396,150,150,150,150,0,0.3787878787878788,1.4820833961413349,1.3901918295126219,1.5740039361134515,0.06893777847290039,0.25197768211364746,4,19.995338439941406,34.71799826622009,0.40625,0.08943909700000001,27062272,25214976,0,79.3591460537921,77.97771460656413
wan-healthy-fifo-q2-s2,2,2,fifo,healthy,396,37,37,37,37,0,0.09343434343434344,10.633830626881661,10.607900230258812,10.659759537904131,0.06660103797912598,0.628887414932251,360,20.276712894439697,34.65104675292969,0.34375,0.04295196300000001,26955776,25214976,0,wan-healthy-latest-q2-s2,latest,396,37,37,37,37,0,0.09343434343434344,1.4773537958256757,1.2077049300880658,1.748988277376796,0.06833720207214355,0.6095399856567383,4,20.36955499649048,34.639179944992065,0.328125,0.03681541299999999,26849280,25124864,0,86.1070403727231,83.51239887807537
wan-tunnel_break-fifo-q2-s1,1,2,fifo,tunnel_break,396,26,26,26,26,0,0.06565656565656566,10.947345939433722,10.931232922096875,10.96370657659213,0.0691373348236084,0.619621992111206,371,20.37895178794861,35.13834810256958,0.3125,0.027545747999999995,26873856,25292800,0,wan-tunnel_break-latest-q2-s1,latest,396,26,26,26,26,0,0.06565656565656566,3.1731162994482647,2.904595429592159,3.446192615706317,0.07046389579772949,0.6108057498931885,4,20.072163581848145,34.34515857696533,0.4375,0.02805735899999999,26877952,25292800,0,71.01474350949029,68.47388908217269
wan-tunnel_break-fifo-q0-s0,0,0,fifo,tunnel_break,396,150,150,150,150,0,0.3787878787878788,7.193007187156459,7.161022069406107,7.224994261881803,0.0701751708984375,0.25237345695495605,247,20.008342742919922,34.5242395401001,0.578125,0.09032338699999999,27029504,25210880,0,wan-tunnel_break-latest-q0-s0,latest,396,150,150,150,150,0,0.3787878787878788,1.4796905366563473,1.3901519059248268,1.5692133580604215,0.0720219612121582,0.2505519390106201,4,19.9997775554657,34.5137255191803,0.421875,0.09268910600000001,26959872,25337856,0,79.42876326749092,78.08674037237589
wan-healthy-fifo-q1-s2,2,1,fifo,healthy,396,108,108,108,108,0,0.2727272727272727,8.580006070727002,8.554835585847059,8.605053747878516,0.06938982009887695,0.25153040885925293,290,20.10829448699951,34.54645538330078,0.578125,0.077468667,27107328,25329664,0,wan-healthy-latest-q1-s2,latest,396,118,118,118,118,0,0.29797979797979796,0.5250811882515647,0.43582811565825236,0.6148309016631756,0.06802749633789062,0.24702954292297363,4,20.142256498336792,34.42537999153137,0.515625,0.086412984,26894336,25411584,0,93.88017696114434,92.81305998819734
wan-tunnel_break-fifo-q1-s0,0,1,fifo,tunnel_break,396,77,77,77,78,1,0.19444444444444445,9.304984005134825,9.28845758074406,9.321598810821808,0.07078790664672852,0.2545924186706543,320,20.028475522994995,34.57201409339905,0.390625,0.05998967699999999,27000832,25407488,0,wan-tunnel_break-latest-q1-s0,latest,396,81,81,81,82,1,0.20454545454545456,1.7792733089551735,1.6890651361095586,1.8694420495984758,0.06849884986877441,0.24881696701049805,4,20.10744571685791,34.668546199798584,0.40625,0.06306997500000001,27033600,25153536,0,80.8782765454158,79.87349316775668
wan-tunnel_break-fifo-q0-s2,2,0,fifo,tunnel_break,396,148,148,148,148,0,0.37373737373737376,7.231715062384352,7.200256781542594,7.263149150872456,0.07007789611816406,0.25305676460266113,250,20.00115418434143,34.42147135734558,0.46875,0.091158981,26947584,25546752,0,wan-tunnel_break-latest-q0-s2,latest,396,150,150,150,150,0,0.3787878787878788,1.47903929365017,1.3893253784450776,1.5688458285814804,0.07476425170898438,0.2537105083465576,4,20.014201641082764,34.17729210853577,0.5625,0.092081028,27054080,25120768,0,79.54787652871767,78.21125167920235
wan-healthy-fifo-q0-s0,0,0,fifo,healthy,396,214,214,214,214,0,0.5404040404040404,5.493855009831155,5.446700301640491,5.540937991341358,0.07938551902770996,0.2533302307128906,183,20.012744188308716,34.5777633190155,0.59375,0.145997367,27017216,25276416,0,wan-healthy-latest-q0-s0,latest,396,214,214,214,214,0,0.5404040404040404,0.37022029101601733,0.2804009422032596,0.4602038510505771,0.06814694404602051,0.2478632926940918,4,20.000083446502686,34.56626343727112,0.578125,0.129296979,26820608,25288704,0,93.26119290819443,91.5507770656673
wan-healthy-fifo-q0-s2,2,0,fifo,healthy,396,214,214,214,214,0,0.5404040404040404,5.496025873872335,5.447514927136514,5.544544006441034,0.07317543029785156,0.2521061897277832,183,19.996833086013794,34.49962282180786,0.59375,0.12450189199999999,27017216,25423872,0,wan-healthy-latest-q0-s2,latest,396,214,214,214,214,0,0.5404040404040404,0.3698502423442995,0.2800799103397568,0.45983627001933913,0.07384085655212402,0.25359010696411133,4,20.005457401275635,34.455471992492676,0.609375,0.135652075,27009024,25165824,0,93.27058767858904,91.55878825170927
wan-tunnel_break-fifo-q1-s1,1,1,fifo,tunnel_break,396,73,73,73,74,1,0.18434343434343434,9.489028697900936,9.473071647380548,9.50491183661895,0.07083463668823242,0.2553572654724121,324,20.022208213806152,34.43664312362671,0.484375,0.05592943,26935296,25178112,0,wan-tunnel_break-latest-q1-s1,latest,396,79,79,79,80,1,0.1994949494949495,1.8167390530382874,1.7257851154426536,1.9077181144748905,0.06440973281860352,0.24610543251037598,4,19.99881935119629,34.54560708999634,0.515625,0.06057065099999999,27021312,25190400,0,80.85432017462264,79.86167332533157
wan-healthy-fifo-q1-s1,1,1,fifo,healthy,396,117,117,117,117,0,0.29545454545454547,8.324933719756558,8.297881687486269,8.352062906045955,0.07321357727050781,0.2542147636413574,280,20.028630018234253,34.774619340896606,0.484375,0.08408068399999999,27013120,25190400,0,wan-healthy-latest-q1-s1,latest,396,108,108,108,108,0,0.2727272727272727,0.5543733404130597,0.4635682708570232,0.6443121209214153,0.07595705986022949,0.25627994537353516,4,20.097702741622925,35.25325274467468,0.484375,0.08197301199999998,26824704,25206784,0,93.34080775805539,92.23522164827827
wan-tunnel_break-fifo-q2-s2,2,2,fifo,tunnel_break,396,25,25,25,25,0,0.06313131313131314,10.962177180456782,10.945401618653746,10.979227036610679,0.07366442680358887,0.6547446250915527,372,20.088891744613647,35.43127250671387,0.34375,0.02783722799999999,26914816,25223168,0,wan-tunnel_break-latest-q2-s2,latest,396,26,26,26,27,1,0.06565656565656566,3.0688006408542994,2.794918179941074,3.3494801066138717,0.06487917900085449,0.6203274726867676,4,20.50511145591736,35.40790891647339,0.28125,0.028391962000000007,27025408,25296896,0,72.00555518911595,69.39828958943355
wan-healthy-fifo-q2-s0,0,2,fifo,healthy,396,37,37,37,37,0,0.09343434343434344,10.642049581929358,10.61610572067783,10.66825388042848,0.07230877876281738,0.6355106830596924,360,20.408010482788086,35.04234504699707,0.34375,0.03672220699999999,26861568,25214976,0,wan-healthy-latest-q2-s0,latest,396,38,38,38,38,0,0.09595959595959595,1.4285702198835197,1.1532451029699238,1.7069784107673236,0.06757903099060059,0.6202104091644287,4,20.35639762878418,34.69946813583374,0.390625,0.037087271000000005,26894336,25210880,0,86.57617398899089,83.9208608535001
wan-healthy-fifo-q1-s0,0,1,fifo,healthy,396,117,117,117,117,0,0.29545454545454547,8.32524558897474,8.297965611018196,8.352580923505489,0.07588768005371094,0.2584965229034424,280,20.05582332611084,34.88877081871033,0.65625,0.08473900300000001,26980352,25219072,0,wan-healthy-latest-q1-s0,latest,396,117,117,117,117,0,0.29545454545454547,0.5276227990446524,0.4398146739777936,0.61575389876954,0.08279109001159668,0.2583789825439453,4,20.017547369003296,34.29826831817627,0.53125,0.08554999999999999,26873856,25337856,0,93.66237556110786,92.57945950086935
