scenario,qos,policy,seed,generated,published,received_unique,accepted,callbacks,rejected_callbacks,receipt_ratio,age_seconds_midpoint,age_clock_envelope_lower,age_clock_envelope_upper,clock_offset_lower,clock_offset_upper,max_queue,edge_wall_seconds,cloud_wall_seconds,edge_cpu_seconds,cloud_cpu_seconds,edge_peak_rss_bytes,cloud_peak_rss_bytes,failures
healthy,0,fifo,1.0,396.0,214.0,214.0,214.0,214.0,0.0,0.5404040404040404,5.495156059387996,5.446866849064388,5.543431952789803,0.07350985209147136,0.25174180666605633,183.0,20.003587007522583,34.54384962717692,0.5833333333333334,0.135967806,26985813.333333332,25340586.666666668,0.0
healthy,0,latest,1.0,396.0,213.66666666666666,213.66666666666666,213.66666666666666,213.66666666666666,0.0,0.5395622895622896,0.3700920375526268,0.2803338400960047,0.4600410098897385,0.07269088427225749,0.2524855136871338,4.0,19.9995535214742,34.538968324661255,0.5885416666666666,0.13010561933333334,26923008.0,25217706.666666668,0.0
healthy,1,fifo,1.0,396.0,114.0,114.0,114.0,114.0,0.0,0.2878787878787879,8.410061793152765,8.383560961450508,8.43656585914332,0.0728303591410319,0.2547472318013509,283.3333333333333,20.064249277114868,34.73661518096924,0.5729166666666666,0.082096118,27033600.0,25246378.666666668,0.0
healthy,1,latest,1.0,396.0,114.33333333333333,114.33333333333333,114.33333333333333,114.33333333333333,0.0,0.2887205387205387,0.535692442569759,0.44640368683102305,0.6249656404513769,0.0755918820699056,0.25389615694681805,4.0,20.085835536321003,34.65896701812744,0.5104166666666666,0.08464533199999998,26864298.666666668,25318741.333333332,0.0
healthy,2,fifo,1.0,396.0,37.333333333333336,37.333333333333336,37.333333333333336,37.333333333333336,0.0,0.09427609427609428,10.623234813381956,10.597135397843935,10.649521180629968,0.06879576047261556,0.6278747717539469,359.6666666666667,20.24273173014323,34.7365612188975,0.3385416666666667,0.03872995766666667,26940757.333333332,25242282.666666668,0.0
healthy,2,latest,1.0,396.0,37.666666666666664,37.666666666666664,37.666666666666664,37.666666666666664,0.0,0.09511784511784512,1.4494723473268447,1.1769156272687173,1.7249252072367156,0.06964500745137532,0.6173187096913656,4.0,20.378071705500286,34.79287497202555,0.3645833333333333,0.037604841666666666,26895701.333333332,25201322.666666668,0.0
tunnel_break,0,fifo,1.0,396.0,149.66666666666666,149.66666666666666,149.66666666666666,149.66666666666666,0.0,0.377946127946128,7.201687261320075,7.169534051823665,7.233833376995112,0.06888421376546223,0.2529262701670329,248.0,20.003439982732136,34.465134620666504,0.4739583333333333,0.09167724,26991274.666666668,25373354.666666668,0.0
tunnel_break,0,latest,1.0,396.0,150.0,150.0,150.0,150.0,0.0,0.37878787878787873,1.4802710754826174,1.3898897046275087,1.5706877075851178,0.07190799713134766,0.2520800431569417,4.0,20.003105878829956,34.469671964645386,0.4635416666666667,0.091403077,27025408.0,25224533.333333332,0.0
tunnel_break,1,fifo,1.0,396.0,76.33333333333333,76.33333333333333,76.33333333333333,77.33333333333333,1.0,0.19276094276094277,9.362887930055585,9.34676904157639,9.37906669384385,0.07316239674886067,0.25292237599690753,320.6666666666667,20.022449890772503,34.42422612508138,0.4166666666666667,0.05923079733333333,26972160.0,25251840.0,0.0
tunnel_break,1,latest,1.0,396.0,78.0,78.0,78.0,79.0,1.0,0.196969696969697,1.8500453464163613,1.7598072250840087,1.940165722404459,0.06791226069132487,0.2480167547861735,4.0,20.03809467951457,34.72769300142924,0.4947916666666667,0.06000007666666666,27022677.333333332,25161728.0,0.0
tunnel_break,2,fifo,1.0,396.0,25.666666666666668,25.666666666666668,25.666666666666668,25.666666666666668,0.0,0.06481481481481483,10.94087917961462,10.924335769954203,10.957460863628938,0.0694581667582194,0.6322965621948242,371.3333333333333,20.251529773076374,35.14176297187805,0.3541666666666667,0.027722808666666664,26895701.333333332,25276416.0,0.0
tunnel_break,2,latest,1.0,396.0,25.666666666666668,25.666666666666668,25.666666666666668,26.0,0.3333333333333333,0.06481481481481483,3.1556870026170234,2.881143735976275,3.4333410581583337,0.0680529276529948,0.6196310520172119,4.0,20.263374884923298,34.94190772374471,0.40625,0.027865838333333334,26947584.0,25229994.666666668,0.0
