run,scenario,policy,qos,seed,event_integral_mean_aoi,sampled_mean_aoi,generated,published,received,delivery_ratio,max_queue,cpu_seconds,peak_runner_rss_bytes
delay_loss-latest-q2-s2,delay_loss,latest,2,2,1.9516185934500014,1.528125578111131,120,11,11,0.09166666666666666,4,0.185623158,26566656
delay_loss-latest-q1-s1,delay_loss,latest,1,1,1.446685941749989,1.0648107000908995,112,13,13,0.11607142857142858,4,0.17309117400000001,26677248
healthy-latest-q1-s2,healthy,latest,1,2,0.2798593615199734,0.27013558492342343,120,68,68,0.5666666666666667,4,0.8353258670000001,26943488
healthy-latest-q2-s0,healthy,latest,2,0,0.2829647453900127,0.26766742866508075,120,66,66,0.55,4,0.8911509039999999,26972160
healthy-latest-q0-s0,healthy,latest,0,0,0.27527568877004377,0.2634469765196573,120,68,68,0.5666666666666667,4,0.8730637829999996,26980352
delay_loss-fifo-q1-s2,delay_loss,fifo,1,2,3.243234292230001,3.0145245833846532,120,16,16,0.13333333333333333,105,0.19267709799999988,26992640
healthy-fifo-q2-s1,healthy,fifo,2,1,1.7602249700800017,1.7565428050436875,120,66,66,0.55,56,0.9137496719999998,27013120
healthy-fifo-q0-s1,healthy,fifo,0,1,1.8331648455599818,1.8396661098676095,120,64,64,0.5333333333333333,58,0.8923053349999996,27037696
delay_loss-latest-q1-s0,delay_loss,latest,1,0,1.3681408912999913,0.929535376499973,108,13,13,0.12037037037037036,4,0.19230659900000013,27054080
delay_loss-fifo-q2-s0,delay_loss,fifo,2,0,3.4324365901400014,3.335537316625049,112,10,10,0.08928571428571429,103,0.18593298800000024,27054080
delay_loss-fifo-q0-s1,delay_loss,fifo,0,1,2.990794281129994,2.917599129545448,120,28,28,0.23333333333333334,93,0.2411402960000002,27058176
healthy-fifo-q2-s2,healthy,fifo,2,2,1.8572150100500093,1.8479018218301135,120,63,63,0.525,59,0.8899792169999996,27062272
delay_loss-latest-q2-s0,delay_loss,latest,2,0,2.2412276251300223,1.737104158285732,120,9,9,0.075,4,0.19641636099999982,27074560
delay_loss-fifo-q2-s1,delay_loss,fifo,2,1,3.474300676859999,3.421745292166682,112,8,8,0.07142857142857142,105,0.17054058100000002,27074560
delay_loss-fifo-q0-s0,delay_loss,fifo,0,0,2.970048866329991,2.8133379652856734,120,27,27,0.225,94,0.20261300799999926,27078656
healthy-fifo-q1-s2,healthy,fifo,1,2,1.7166934008,1.7174986826495293,120,68,68,0.5666666666666667,54,0.7946933500000002,27103232
delay_loss-fifo-q1-s0,delay_loss,fifo,1,0,3.300928348720003,2.8952024957000555,108,13,13,0.12037037037037036,96,0.19570731399999985,27119616
delay_loss-fifo-q0-s2,delay_loss,fifo,0,2,2.888760295590009,2.825382677440044,120,31,31,0.25833333333333336,90,0.22733316799999947,27119616
healthy-latest-q2-s2,healthy,latest,2,2,0.282610472999966,0.2761903598110282,120,68,68,0.5666666666666667,4,0.8089846989999998,27205632
delay_loss-latest-q1-s2,delay_loss,latest,1,2,1.2974976465000334,0.8798584955000512,116,15,15,0.12931034482758622,4,0.19355331400000075,27209728
healthy-fifo-q0-s0,healthy,fifo,0,0,1.6967016563199706,1.7058044162405288,120,68,68,0.5666666666666667,54,0.7896612189999992,27209728
delay_loss-latest-q0-s1,delay_loss,latest,0,1,1.1371115821399296,0.9395512578332644,116,29,29,0.25,4,0.19233486899999974,27222016
delay_loss-latest-q2-s1,delay_loss,latest,2,1,2.0697466974900203,1.631899019500042,112,9,9,0.08035714285714286,4,0.18899082999999983,27222016
delay_loss-latest-q0-s0,delay_loss,latest,0,0,1.1258061457600592,0.8349373100500607,120,26,26,0.21666666666666667,4,0.22395944199999995,27222016
healthy-fifo-q0-s2,healthy,fifo,0,2,1.696757856250019,1.6950090014714734,120,68,68,0.5666666666666667,54,0.8272782270000008,27230208
delay_loss-fifo-q1-s1,delay_loss,fifo,1,1,3.268126820209998,3.236744490545395,112,15,15,0.13392857142857142,98,0.18027904199999867,27230208
healthy-fifo-q1-s1,healthy,fifo,1,1,1.7465330797499994,1.7577271867934303,120,68,68,0.5666666666666667,55,0.8068824489999997,27234304
delay_loss-fifo-q2-s2,delay_loss,fifo,2,2,3.412393328560004,3.354528431444521,120,11,11,0.09166666666666666,110,0.17653396799999932,27238400
healthy-latest-q0-s2,healthy,latest,0,2,0.278897499259937,0.2697068995415945,120,69,69,0.575,4,0.7584899410000006,27242496
delay_loss-latest-q0-s2,delay_loss,latest,0,2,0.961170872009995,0.752427082999986,120,30,30,0.25,4,0.2079002990000003,27267072
healthy-fifo-q2-s0,healthy,fifo,2,0,1.6776169980300417,1.6818734658915828,120,69,69,0.575,53,0.828874484,27287552
healthy-latest-q1-s0,healthy,latest,1,0,0.2752623527200073,0.2648470704028443,120,69,69,0.575,4,0.8234141560000001,27312128
healthy-latest-q1-s1,healthy,latest,1,1,0.2702353324899824,0.2608172139622458,120,68,68,0.5666666666666667,4,0.795487854000001,27312128
healthy-fifo-q1-s0,healthy,fifo,1,0,1.6765665349500385,1.6786938883568618,120,69,69,0.575,53,0.776673332999998,27312128
healthy-latest-q2-s1,healthy,latest,2,1,0.2799435571199471,0.2691857354103099,120,66,66,0.55,4,0.8124765430000025,27324416
healthy-latest-q0-s1,healthy,latest,0,1,0.2822595338999909,0.2770905247731244,120,68,68,0.5666666666666667,4,0.7896429689999991,27324416
