scenario,policy,qos,n,event_integral_mean_aoi,delivery_ratio,max_queue
delay_loss,fifo,0,3,2.949867814349998,0.23888888888888893,94
delay_loss,fifo,1,3,3.270763153720001,0.12921075837742504,105
delay_loss,fifo,2,3,3.4397101985200016,0.08412698412698412,110
delay_loss,latest,0,3,1.0746961999699947,0.2388888888888889,4
delay_loss,latest,1,3,1.370774826516671,0.12191738125646172,4
delay_loss,latest,2,3,2.087530972023348,0.08234126984126984,4
healthy,fifo,0,3,1.742208119376657,0.5555555555555556,58
healthy,fifo,1,3,1.7132643385000126,0.5694444444444444,55
healthy,fifo,2,3,1.7650189927200177,0.55,59
healthy,latest,0,3,0.27881090730999053,0.5694444444444444,4
healthy,latest,1,3,0.27511901557665436,0.5694444444444444,4
healthy,latest,2,3,0.2818395918366419,0.5555555555555556,4
