qos,scenario,metric,comparator,n,mean_delta,bootstrap_low,bootstrap_high
0,degraded,mean_aoi,fifo,3,-1.9777627958223059,-1.9802351999997885,-1.9743993673456366
0,degraded,mean_aoi,no_buffer,3,-0.008408946629184297,-0.010108393903771384,-0.007438383536983423
0,degraded,delivery_ratio,fifo,3,0.0,0.0,0.0
0,degraded,delivery_ratio,no_buffer,3,0.0,-0.004166666666666652,0.002083333333333326
0,degraded,mae,fifo,3,-0.379050905756106,-0.37951099204950084,-0.37848863335196353
0,degraded,mae,no_buffer,3,-0.0018221090122543342,-0.0021478367602653994,-0.0016054349942182002
0,degraded,stale_fraction,fifo,3,-0.8828869270287795,-0.885670731707317,-0.8803680981595092
0,degraded,stale_fraction,no_buffer,3,0.0,0.0,0.0
0,healthy,mean_aoi,fifo,3,-0.6264473820802228,-0.6295849041598298,-0.6219050329322298
0,healthy,mean_aoi,no_buffer,3,-0.006732455213496462,-0.008856520926009297,-0.004021852434291297
0,healthy,delivery_ratio,fifo,3,0.000694444444444442,0.0,0.002083333333333326
0,healthy,delivery_ratio,no_buffer,3,0.013194444444444434,0.0,0.025000000000000022
0,healthy,mae,fifo,3,-0.11235847476058784,-0.1129607959554854,-0.1115959564181372
0,healthy,mae,no_buffer,3,-0.0011252037839646998,-0.0015506652489285008,-0.0005787268712032986
0,healthy,stale_fraction,fifo,3,-0.15988328594942386,-0.1631097560975609,-0.1539634146341463
0,healthy,stale_fraction,no_buffer,3,0.0,0.0,0.0
0,outage,mean_aoi,fifo,3,-1.3360678048613288,-1.3403488777988404,-1.330317469346505
0,outage,mean_aoi,no_buffer,3,-0.00319883039804821,-0.01071869387758495,0.0020277825718891807
0,outage,delivery_ratio,fifo,3,-0.001388888888888884,-0.006249999999999978,0.002083333333333326
0,outage,delivery_ratio,no_buffer,3,-0.002777777777777768,-0.004166666666666652,0.0
0,outage,mae,fifo,3,-0.2492160711327349,-0.2498702819294859,-0.2479718674268753
0,outage,mae,no_buffer,3,0.0004002174937032023,-0.0008352810592036908,0.0013222703867284968
0,outage,stale_fraction,fifo,3,-0.5378174552593061,-0.5415909263046278,-0.5336675145892563
0,outage,stale_fraction,no_buffer,3,-0.0016466986130892758,-0.009382337347572517,0.0029178512644023047
0,overloaded,mean_aoi,fifo,3,-2.389294251422785,-2.3925363000010753,-2.3871455469534792
0,overloaded,mean_aoi,no_buffer,3,0.000871025206885867,-0.001452310970613796,0.003503124387445211
0,overloaded,delivery_ratio,fifo,3,-0.000694444444444442,-0.002083333333333326,0.0
0,overloaded,delivery_ratio,no_buffer,3,0.0006944444444444605,0.0,0.0020833333333333814
0,overloaded,mae,fifo,3,-0.4591126687571885,-0.4592973316358894,-0.45889182350881336
0,overloaded,mae,no_buffer,3,5.811071584906763e-05,-0.00011908039919560076,0.0002739024866882031
0,overloaded,stale_fraction,fifo,3,-0.9466463414634146,-0.948170731707317,-0.945121951219512
0,overloaded,stale_fraction,no_buffer,3,0.0,0.0,0.0
1,degraded,mean_aoi,fifo,3,-1.9877913252322454,-1.998355460772446,-1.981467546020743
1,degraded,mean_aoi,no_buffer,3,-0.012793293059865235,-0.014871052123080403,-0.0098635558975734
1,degraded,delivery_ratio,fifo,3,0.0,-0.002083333333333326,0.002083333333333326
1,degraded,delivery_ratio,no_buffer,3,0.0013888888888889024,-0.002083333333333326,0.004166666666666707
1,degraded,mae,fifo,3,-0.3805015784531131,-0.3824334367751397,-0.3795098354009598
1,degraded,mae,no_buffer,3,-0.002352730016888267,-0.0026699691345466008,-0.0018092304091262001
1,degraded,stale_fraction,fifo,3,-0.8829308395049414,-0.8858024691358025,-0.8803680981595092
1,degraded,stale_fraction,no_buffer,3,0.0,0.0,0.0
1,healthy,mean_aoi,fifo,3,-0.658479278054284,-0.7145708997812582,-0.6288291957326968
1,healthy,mean_aoi,no_buffer,3,-0.005710810648120732,-0.005786389020085596,-0.005567845737521802
1,healthy,delivery_ratio,fifo,3,0.009027777777777782,0.0,0.027083333333333348
1,healthy,delivery_ratio,no_buffer,3,-0.001388888888888884,-0.002083333333333326,0.0
1,healthy,mae,fifo,3,-0.1184169230862608,-0.1287220914803398,-0.11281503061772409
1,healthy,mae,no_buffer,3,-0.001126048205830433,-0.0012633454338520991,-0.0009278168880391003
1,healthy,stale_fraction,fifo,3,-0.18739840496373947,-0.2670807453416149,-0.1463414634146341
1,healthy,stale_fraction,no_buffer,3,0.0,0.0,0.0
1,outage,mean_aoi,fifo,3,-1.3760140895624835,-1.4563231538287933,-1.333787133529275
1,outage,mean_aoi,no_buffer,3,-0.0012330952642454207,-0.01179417337630978,0.015676086355136565
1,outage,delivery_ratio,fifo,3,0.009722222222222224,0.0,0.029166666666666674
1,outage,delivery_ratio,no_buffer,3,0.0,-0.002083333333333326,0.002083333333333326
1,outage,mae,fifo,3,-0.2561647441817481,-0.2708643913831525,-0.2476212357849071
1,outage,mae,no_buffer,3,0.0008101268948309629,-0.000835810583780211,0.002836129243143401
1,outage,stale_fraction,fifo,3,-0.5443795417277055,-0.5598276121650106,-0.5350609756097562
1,outage,stale_fraction,no_buffer,3,0.001527507606364405,-0.004423537333532901,0.010530450396528501
1,overloaded,mean_aoi,fifo,3,-2.390304207368063,-2.393345353654234,-2.3874074835420185
1,overloaded,mean_aoi,no_buffer,3,-0.0016262170753919003,-0.006566435356713918,0.0022756871928301114
1,overloaded,delivery_ratio,fifo,3,0.0,-0.002083333333333326,0.002083333333333326
1,overloaded,delivery_ratio,no_buffer,3,0.0013888888888889024,0.0,0.0020833333333333814
1,overloaded,mae,fifo,3,-0.4590813580003945,-0.4594542716244854,-0.4585855759523783
1,overloaded,mae,no_buffer,3,-0.00012945107239353362,-0.0008532216957697,0.000482870352066303
1,overloaded,stale_fraction,fifo,3,-0.9465434685021696,-0.9493865030674846,-0.9435975609756099
1,overloaded,stale_fraction,no_buffer,3,0.0,0.0,0.0
2,degraded,mean_aoi,fifo,3,-1.9934530017341718,-2.012764777920142,-1.9788987164593568
2,degraded,mean_aoi,no_buffer,3,-0.011062815613618224,-0.012149785983531697,-0.00982234435192808
2,degraded,delivery_ratio,fifo,3,0.002083333333333363,0.0,0.006250000000000089
2,degraded,delivery_ratio,no_buffer,3,-0.000694444444444442,-0.004166666666666652,0.002083333333333326
2,degraded,mae,fifo,3,-0.3817523222806751,-0.3857547513183102,-0.37913660803474486
2,degraded,mae,no_buffer,3,-0.0018755905309864665,-0.001956729910808197,-0.0017591413806033011
2,degraded,stale_fraction,fifo,3,-0.886081678013866,-0.8921875,-0.882621951219512
2,degraded,stale_fraction,no_buffer,3,0.0,0.0,0.0
2,healthy,mean_aoi,fifo,3,-0.6744769080830458,-0.7664020862043595,-0.6232452394513052
2,healthy,mean_aoi,no_buffer,3,-0.0071322664028055024,-0.010256299788555107,-0.004598666479333498
2,healthy,delivery_ratio,fifo,3,0.007638888888888899,-0.016666666666666607,0.03749999999999998
2,healthy,delivery_ratio,no_buffer,3,0.015277777777777798,-0.014583333333333282,0.05833333333333335
2,healthy,mae,fifo,3,-0.12123076742773149,-0.1383964532129291,-0.11161414931324228
2,healthy,mae,no_buffer,3,-0.0012887420697192005,-0.0019358860924296,-0.0008024035806952004
2,healthy,stale_fraction,fifo,3,-0.22583659232411457,-0.345679012345679,-0.1615853658536585
2,healthy,stale_fraction,no_buffer,3,0.0,0.0,0.0
2,outage,mean_aoi,fifo,3,-1.334438927723929,-1.339376608290584,-1.3303580031155426
2,outage,mean_aoi,no_buffer,3,0.008503435891082193,0.004242281643273282,0.016990158773337094
2,outage,delivery_ratio,fifo,3,-0.00694444444444442,-0.01041666666666663,-0.004166666666666652
2,outage,delivery_ratio,no_buffer,3,-0.006249999999999978,-0.012499999999999956,0.0
2,outage,mae,fifo,3,-0.24823488940201358,-0.2499887732879901,-0.2473387665927852
2,outage,mae,no_buffer,3,0.0027671883991979653,0.0023182213949834996,0.0033873290316299015
2,outage,stale_fraction,fifo,3,-0.5382562721332734,-0.5397931318270238,-0.536725647164447
2,outage,stale_fraction,no_buffer,3,0.0074754351837997,0.0059385754900493914,0.010530450396528501
2,overloaded,mean_aoi,fifo,3,-2.387972020463241,-2.395721918689402,-2.379731634763551
2,overloaded,mean_aoi,no_buffer,3,0.0015418867859387602,-0.0017749933021922182,0.005019713409877502
2,overloaded,delivery_ratio,fifo,3,-0.0013888888888889024,-0.004166666666666707,0.0
2,overloaded,delivery_ratio,no_buffer,3,0.0,-0.0020833333333333814,0.0020833333333333814
2,overloaded,mae,fifo,3,-0.4590266704965183,-0.46044314742261855,-0.45774947392677195
2,overloaded,mae,no_buffer,3,0.00012489401319973337,-0.000385759173766001,0.0004799665865522981
2,overloaded,stale_fraction,fifo,3,-0.9455240909771061,-0.948170731707317,-0.9405487804878048
2,overloaded,stale_fraction,no_buffer,3,0.0,0.0,0.0
