,,,mean_aoi,mean_aoi,p95_aoi,p95_aoi,stale_fraction,stale_fraction,mae,mae,delivery_ratio,delivery_ratio,mean_latency,mean_latency,max_queue,max_queue,recovery_seconds,recovery_seconds,cpu_seconds,cpu_seconds,peak_runner_rss_bytes,peak_runner_rss_bytes,peak_broker_rss_bytes,peak_broker_rss_bytes,payload_bytes,payload_bytes
,,,mean,std,mean,std,mean,std,mean,std,mean,std,mean,std,mean,std,mean,std,mean,std,mean,std,mean,std,mean,std
qos,scenario,policy,,,,,,,,,,,,,,,,,,,,,,,,
0,degraded,fifo,2.132891515129854,0.0032329901769262786,3.4616079999958558,0.014184267921654867,0.8828869270287795,0.0026612289961983424,0.40723755420520985,0.00045856788261125535,0.4055555555555556,0.0012028130608117162,1.8205322032579065,0.0017816302960671638,286.6666666666667,0.5773502691896216,,,0.4427083333333333,0.04510548978043952,30524757.333333332,201051.99762582197,4971178.666666667,55611.151303792714,14700.333333333334,46.18802153516993
0,degraded,latest,0.1551287193075484,0.0004886514260357861,0.2314399666676792,0.0021247014457340114,0.0,0.0,0.0281866484491039,6.46245885457732e-05,0.4055555555555556,0.0012028130608117162,0.08579655272384977,0.0010606433062449192,4.0,0.0,,,0.5,0.10245997694221876,30625792.0,294997.32099122525,4969813.333333333,54391.01415981633,15075.666666666666,54.72050194701571
0,degraded,no_buffer,0.1635376659367327,0.001323767033044603,0.25504943333605695,0.0021336559054212396,0.0,0.0,0.030008757461358237,0.00023392396592631862,0.4055555555555556,0.0024056261216234324,0.08446506668167873,0.0004604935962625419,4.0,0.0,,,0.34375,0.03125,30534314.666666668,212453.06174619633,4971178.666666667,55611.151303792714,15059.333333333334,86.95017730478386
0,healthy,fifo,0.6863580627705623,0.004601126280319799,1.0968417333312963,0.004534101827594622,0.1598832859494239,0.005133682686601277,0.12333865906645299,0.0009052297416961561,0.8180555555555555,0.0012028130608117162,0.5681979225582175,0.004514048557837778,90.33333333333333,0.5773502691896278,,,0.65625,0.04133986423538423,30403242.666666668,252903.81530798052,4969813.333333333,26013.093728607844,30325.333333333332,46.18802153516953
0,healthy,latest,0.059910680690339634,0.0013164099604024526,0.09913889999734708,0.0014433594955085868,0.0,0.0,0.010980184305865165,0.00030397037433786824,0.81875,0.0,0.027079833586853435,0.00010538933997662831,4.0,0.0,,,0.6197916666666666,0.07216878364870322,30535680.0,227060.3108603527,4932949.333333333,44931.70734941357,30486.0,19.157244060668017
0,healthy,no_buffer,0.0666431359038361,0.0017527537289774228,0.12787490000192084,0.005276776541615078,0.0,0.0,0.012105388089829866,0.00028590038476636076,0.8055555555555555,0.012557737027795201,0.027497468112109166,0.00015428316974879582,4.0,0.0,,,0.6145833333333334,0.07045702738785774,30669482.666666668,223310.2737388796,4958890.666666667,44931.707349413366,29992.0,470.118070275968
0,outage,fifo,1.8419190447716571,0.008978083509889637,2.75840843333669,0.01380641709177807,0.7627562471943738,0.0009078752880077621,0.3474469093346892,0.0016831238153948867,0.5402777777777777,0.0012028130608117162,1.65605402842127,0.010136478898849772,223.66666666666666,0.5773502691896216,,,0.5416666666666666,0.032526031241658315,30598485.333333332,236163.202868977,4990293.333333333,9459.306810402963,19803.333333333332,45.61067126598096
0,outage,latest,0.5058512399103283,0.004656538179359021,1.8675778333291715,0.011807602511356628,0.2249387919350677,0.0039670840188888125,0.09823083820195433,0.000605196684516464,0.5388888888888889,0.003182344232608211,0.053586225397299465,0.0005567180996009901,4.0,0.0,0.12349943332568118,0.012771656880952404,0.5729166666666666,0.06505206248331663,30225749.333333332,405531.58155356237,4950698.666666667,50053.94679077086,20008.333333333332,121.56205548333504
0,outage,no_buffer,0.5090500703083766,0.0027777584990519725,1.8831496000027974,0.006218459993320821,0.226585490548157,0.0031051793831160883,0.09783062070825115,0.0005594895286943913,0.5416666666666666,0.002083333333333326,0.05380797801538273,0.0007185836484414186,4.0,0.0,0.13851689999864897,0.0065364840414291695,0.5677083333333334,0.08605578980134533,30221653.333333332,248621.91405693415,4939776.0,56755.84086241697,20122.333333333332,72.56950691119046
0,overloaded,fifo,2.6225008914674306,0.0008030195644267522,4.2546764000057005,0.002826167858973333,0.9466463414634146,0.001524390243902482,0.5020225630510075,0.00023760327000070023,0.26944444444444443,0.0012028130608117162,2.2698976024807043,0.0068436176464562485,352.0,1.0,,,0.375,0.08118988160479113,30298112.0,128747.38602395002,4932949.333333333,44931.70734941357,9709.666666666666,45.346811721810795
0,overloaded,latest,0.23320664004464567,0.002112898399802661,0.3507850333388618,0.0042375903768352595,0.0,0.0,0.04290989429381903,0.00021181200194368385,0.26875,0.0,0.13562189380228665,0.00191446637412274,4.0,0.0,,,0.328125,0.071602745233685,30273536.0,192075.76105276792,4932949.333333333,44931.70734941357,9988.666666666666,10.016652800877639
0,overloaded,no_buffer,0.2323356148377598,0.001341608111124881,0.3560009333382706,0.002414759219101992,0.0,0.0,0.04285178357796996,0.0003389245588848401,0.26805555555555555,0.001202813060811728,0.13347958969037402,0.0026399103944432867,4.0,0.0,,,0.3177083333333333,0.07045702738785772,30232576.0,68905.38533380392,4939776.0,56755.84086241697,9971.666666666666,48.2735262160674
1,degraded,fifo,2.136238286760852,0.007935073415565427,3.4659157999975534,0.01651916524211317,0.8829308395049412,0.0027303215848414157,0.40771869295658697,0.0013530908914049595,0.4055555555555556,0.0012028130608117162,1.8269616457797804,0.003088077909511865,287.0,1.0,,,0.4583333333333333,0.07045702738785772,30070101.333333332,661796.6576565146,4950698.666666667,50053.94679077086,14700.333333333334,46.18802153516993
1,degraded,latest,0.14844696152860645,0.0013705517814670259,0.2271845999949924,0.0017445612084529762,0.0,0.0,0.0272171145034739,0.00035179342082903496,0.4055555555555556,0.0012028130608117162,0.08386757694690883,0.001268594761344891,4.0,0.0,,,0.4583333333333333,0.036084391824351615,30474240.0,226171.9071502913,4932949.333333333,44931.70734941357,15070.0,49.3254498205541
1,degraded,no_buffer,0.16124025458847166,0.0016361098911209073,0.2540252666648849,0.0013039991674154573,0.0,0.0,0.029569844520362168,0.0002537935059560684,0.4041666666666666,0.0020833333333333606,0.08523827120053451,0.0010266449788222413,4.0,0.0,,,0.4739583333333333,0.08605578980134533,30382762.666666668,250805.4528700145,4932949.333333333,44931.70734941357,15023.0,61.09828148156051
1,healthy,fifo,0.7069650385431899,0.048561083168894445,1.1407844999950694,0.0883096800318471,0.18739840496373947,0.06901763996306963,0.12717231196885387,0.00910209857984738,0.8083333333333332,0.016271353491472153,0.5938319595799627,0.04019164447668295,95.0,7.810249675906654,,,0.75,0.09504316453590968,30436010.666666668,285468.9659443441,4958890.666666667,44931.707349413366,29958.333333333332,613.8732225250851
1,healthy,latest,0.0484857604889058,0.00022365391082090815,0.08677133333404159,0.0007569098834408043,0.0,0.0,0.008755388882593066,0.00019439989346908593,0.8173611111111111,0.001202813060811732,0.02713505452676983,1.486765982977195e-05,4.0,0.0,,,0.7083333333333334,0.1641244922561326,30515200.0,100581.61486076866,4972544.0,56755.84086241697,30436.333333333332,59.138256089719846
1,healthy,no_buffer,0.05419657113702653,0.00011950106782056395,0.1167495333298648,0.0007850569372766604,0.0,0.0,0.0098814370884235,5.504604759917523e-05,0.81875,0.0,0.027649208395581867,4.332489671118526e-05,4.0,0.0,,,0.8020833333333334,0.06314768569261531,30490624.0,149882.26120525404,4958890.666666667,44931.707349413366,30494.0,8.660254037844387
1,outage,fifo,1.8747187862320007,0.06434955331017554,2.8017799666665595,0.0939983360590384,0.7684181471444345,0.011201481604188861,0.35322548916180874,0.011983650994983283,0.5319444444444444,0.016839382851364104,1.6940600765862641,0.07147324801423022,228.0,7.810249675906654,,,0.703125,0.04133986423538423,30420992.0,403596.3207760943,4932949.333333333,44931.70734941357,19489.333333333332,635.0852961085878
1,outage,latest,0.49870469666951706,0.006359596217129658,1.86521163333673,0.01761010608928067,0.22403860541672896,0.002978915096989082,0.0970607449800606,0.0008074481304271548,0.5416666666666666,0.0,0.05384561538331526,0.0002466046674880551,4.0,0.0,0.12083823333765997,0.017558352080075963,0.671875,0.027063293868263706,30597120.0,144873.383393914,4965717.333333333,51864.69864303983,20110.333333333332,10.59874206372261
1,outage,no_buffer,0.4999377919337625,0.00910635612818623,1.8698706666638214,0.01598520757750612,0.22251109781036457,0.005237981613980456,0.09625061808522963,0.0015045838609803219,0.5416666666666666,0.002083333333333326,0.05392698831175557,0.00023555504386681698,4.0,0.0,0.11570793333036511,0.03396244904874791,0.6041666666666666,0.11517366868487491,30478336.0,145796.88841672856,4965717.333333333,51864.69864303983,20132.0,82.54089895318563
1,overloaded,fifo,2.620331967123292,0.0008696639309446415,4.248061500004646,0.007301866826687035,0.9465434685021696,0.002895841806864906,0.5015901120608403,2.6176541192570038e-05,0.26944444444444443,0.0012028130608117162,2.267274708778249,0.013373165532980886,352.0,1.0,,,0.4322916666666667,0.05022734771350497,30554794.666666668,287664.4255331775,5003946.666666667,2364.8267026008416,9709.666666666666,45.34681172181041
1,overloaded,latest,0.2300277597552287,0.0038137552183413513,0.34855533332932725,0.004634740100282115,0.0,0.0,0.042508754060445665,0.00046781929525024744,0.26944444444444443,0.0012028130608117162,0.13562022211779826,0.00320617871130808,4.0,0.0,,,0.4791666666666667,0.03932205435036848,30250325.333333332,504096.5244289369,4943872.0,39073.34969003809,10020.666666666666,47.0567033836129
1,overloaded,no_buffer,0.23165397683062064,0.0007995356475385946,0.3556165666678443,0.00586255577979526,0.0,0.0,0.0426382051328392,0.00028439515902168596,0.26805555555555555,0.0012028130608117522,0.1342042901271955,0.0013789365376245296,4.0,0.0,,,0.328125,0.04133986423538423,30511104.0,67677.02688505161,4965717.333333333,51864.69864303983,9962.666666666666,50.36202272877196
2,degraded,fifo,2.144943029985459,0.017682406969302393,3.4786449666649184,0.02537165706466905,0.886081678013866,0.005303423016405963,0.4096087674341486,0.0035735988879555505,0.40347222222222223,0.00481125224324692,1.8333034128087096,0.015736153307537956,287.6666666666667,2.0816659994661246,,,0.5885416666666666,0.1016626109163705,30433280.0,284045.1227252459,4938410.666666667,54391.01415981613,14621.333333333334,183.02003533311162
2,degraded,latest,0.1514900282512871,0.0016178627616043723,0.2280807333338696,0.0009260810067526859,0.0,0.0,0.027856445153473502,7.628035983515766e-05,0.4055555555555556,0.0012028130608117162,0.08564122511359584,0.0007918436101642905,4.0,0.0,,,0.5364583333333334,0.04773516348912335,30661290.666666668,265966.7931553357,4990293.333333333,9459.306810402963,15087.333333333334,51.62686639079809
2,degraded,no_buffer,0.16255284386490532,0.0008273003416337279,0.25222779999603756,0.002768506737914092,0.0,0.0,0.029732035684459965,8.124809763594195e-05,0.40625,0.002083333333333326,0.0858141162911749,0.00021141591416886645,4.0,0.0,,,0.59375,0.071602745233685,30392320.0,144873.383393914,4958890.666666667,44931.707349413366,15086.333333333334,75.1420876295921
2,healthy,fifo,0.7334950084826715,0.07964280918967756,1.1807062666620753,0.13296309810788684,0.22583659232411454,0.10387686590386644,0.13202694526979203,0.014803191317299527,0.8048611111111111,0.022276409628257495,0.6100097778809664,0.06651303187353395,97.66666666666667,10.692676621563624,,,0.8645833333333334,0.023867581744561668,30437376.0,242910.41285214596,4932949.333333333,44931.70734941357,29827.0,840.9964328105084
2,healthy,latest,0.059018100399625704,0.0007969559884721188,0.0973708333331222,0.002113663415261549,0.0,0.0,0.010796177842060531,0.00015643410629333004,0.8125,0.00908103946570969,0.028378413637359132,0.0004143373007814775,4.0,0.0,,,0.9739583333333334,0.13288907106430284,30582101.333333332,367096.97808254114,4982101.333333333,36711.98285755399,30248.333333333332,344.3622124062583
2,healthy,no_buffer,0.0661503668024312,0.0026189939207891815,0.12864886666454847,0.007298096698100697,0.0,0.0,0.012084919911779735,0.0004712666312926908,0.7972222222222222,0.03367876570272816,0.028622398043612468,0.0008155063044013981,4.0,0.0,,,0.90625,0.06810779599282303,30593024.0,231306.16469087027,4958890.666666667,44931.707349413366,29696.666666666668,1243.3970939862031
2,outage,fifo,1.8384587465413027,0.007917284297650307,2.749183499996437,0.012877000532056227,0.7642276422764227,0.0008801071176671532,0.34641783247484675,0.0015901550251652523,0.54375,0.002083333333333326,1.6524760254269362,0.007806288404923007,222.66666666666666,1.1547005383792495,,,0.65625,0.1801962905417312,30220288.0,64373.69301197501,4939776.0,56755.84086241697,19935.333333333332,79.50052410728708
2,outage,latest,0.5040198188173736,0.004184658729641617,1.8698451666685283,0.008307339204267235,0.22597137014314925,0.0017710130956737186,0.09818294307283314,0.00015800436640758749,0.5368055555555555,0.0052429405800491135,0.055253876535358536,0.000516622375091982,4.0,0.0,0.11608206667006014,0.016585831700421327,0.640625,0.015625,30640810.666666668,111824.050746399,4991658.666666667,11824.133513003602,19960.333333333332,182.653588339603
2,outage,no_buffer,0.49551638292629135,0.004276884848305366,1.851813366662827,0.003909941156281059,0.21849593495934952,0.00232854456044502,0.09541575467363517,0.0004706895831817327,0.5430555555555555,0.001202813060811684,0.05482098947240893,0.0004132956005187141,4.0,0.0,0.09799766667129002,0.03133920933746487,0.6354166666666666,0.036084391824351615,30410069.333333332,137343.30412995553,4965717.333333333,51864.69864303983,20183.0,38.97435053981015
2,overloaded,fifo,2.621500854402307,0.00505858885438728,4.246962233330122,0.004679469462411517,0.9455240909771061,0.004311677426864484,0.50188835060306,0.0010968370378504476,0.26944444444444443,0.0012028130608117162,2.266744435626717,0.00600119713935372,352.0,1.0,,,0.4479166666666667,0.06505206248331666,30210730.666666668,245805.50689789903,4932949.333333333,44931.70734941357,9709.666666666666,45.346811721810795
2,overloaded,latest,0.2335288339390663,0.0034234530154468065,0.3517108666652395,0.005830753924407093,0.0,0.0,0.0428616801065417,0.00035996644029418173,0.26805555555555555,0.001202813060811728,0.13790309377486556,0.0015092914808865201,4.0,0.0,,,0.453125,0.05633673867912483,30366378.666666668,41435.11116593401,4939776.0,56755.84086241697,9961.333333333334,32.47049943153513
2,overloaded,no_buffer,0.2319869471531275,0.0018240993315052796,0.3558219666680096,0.006407368248104226,0.0,0.0,0.04273678609334197,0.0003121461142982646,0.26805555555555555,0.0012028130608117522,0.13460101708709418,0.0006606647375759913,4.0,0.0,,,0.421875,0.015625,30250325.333333332,62028.82289172799,4932949.333333333,44931.70734941357,9966.666666666666,41.40450861118074
