scenario,policy,mean_aoi,p95_aoi,stale_fraction,mae,delivery_ratio,mean_latency,max_queue,recovery_seconds
degraded,fifo,2.1380242772920552,3.4687229222194422,0.8839664815158623,0.40818833819864847,0.4048611111111111,1.8269324206154653,287.1111111111111,
degraded,latest,0.15168856969581399,0.22890176666551373,0.0,0.027753402702017097,0.4055555555555556,0.08510178492811815,4.0,
degraded,no_buffer,0.16244358813003656,0.2537674999989931,0.0,0.029770212555393454,0.40532407407407406,0.0851724847244627,4.0,
healthy,fifo,0.7089393699321412,1.1394441666628137,0.1910394277457593,0.1275126387683663,0.8104166666666667,0.5906798866730489,94.33333333333333,
healthy,latest,0.05580484719295705,0.09442702222150362,0.0,0.010177250343506255,0.8162037037037037,0.0275311005836608,4.0,
healthy,no_buffer,0.062330024614431274,0.12442443333211135,0.0,0.011357248363344367,0.8071759259259258,0.027923024850434502,4.0,
outage,fifo,1.8516988591816534,2.7697906333332285,0.765134012205077,0.3490300769904482,0.5386574074074074,1.6675300434781566,224.7777777777778,
outage,latest,0.5028585851324063,1.8675448777781432,0.2249829224983153,0.09782484208494936,0.5391203703703703,0.05422857243865775,4.0,0.12013991111113376
outage,no_buffer,0.5015014150561434,1.8682778777764817,0.22253084110595703,0.09649899782237199,0.5421296296296295,0.054185318599849076,4.0,0.11740750000010136
overloaded,fifo,2.6214445709976766,4.2499000444468225,0.9462379669808967,0.5018336752383026,0.26944444444444443,2.26797224896189,352.0,
overloaded,latest,0.23225441124631355,0.35035041111114285,0.0,0.04276010948693546,0.26875,0.1363817365649835,4.0,
overloaded,no_buffer,0.23199217960716934,0.3558131555580415,0.0,0.04274225826805037,0.26805555555555555,0.1340949656348879,4.0,
