,,,,mean_aoi,mean_aoi,p95_aoi,p95_aoi,stale_fraction,stale_fraction,mae,mae,delivery_ratio,delivery_ratio,mean_latency,mean_latency,max_queue,max_queue,recovery_seconds,recovery_seconds
,,,,mean,std,mean,std,mean,std,mean,std,mean,std,mean,std,mean,std,mean,std
devices,rate,scenario,policy,,,,,,,,,,,,,,,,
4,2,degraded,fifo,0.3533243955644435,0.0017165357627204367,0.6015000000000021,0.002415229457699474,0.0,0.0,0.06686521754432163,0.0003742235145165429,0.9970893970893971,0.0010735920571607984,0.10262750476322939,0.002093316673155961,1.0,0.0,,
4,2,degraded,latest,0.3533243955644435,0.0017165357627204367,0.6015000000000021,0.002415229457699474,0.0,0.0,0.06686521754432163,0.0003742235145165429,0.9970893970893971,0.0010735920571607984,0.10262750476322939,0.002093316673155961,1.0,0.0,,
4,2,degraded,latest_no_guard,0.3533243955644435,0.0017165357627204367,0.6015000000000021,0.002415229457699474,0.0,0.0,0.06686521754432163,0.0003742235145165429,0.9970893970893971,0.0010735920571607984,0.10262750476322939,0.002093316673155961,1.0,0.0,,
4,2,degraded,no_buffer,0.3533243955644435,0.0017165357627204367,0.6015000000000021,0.002415229457699474,0.0,0.0,0.06686521754432163,0.0003742235145165429,0.995010395010395,0.0010735920571607435,0.10258467263441391,0.0020321580382852244,1.0,0.0,,
4,2,degraded,ttl,0.3533243955644435,0.0017165357627204367,0.6015000000000021,0.002415229457699474,0.0,0.0,0.06686521754432163,0.0003742235145165429,0.9970893970893971,0.0010735920571607984,0.10262750476322939,0.002093316673155961,1.0,0.0,,
4,2,healthy,fifo,0.27254590074531965,0.0001928271241020095,0.49800000000000183,0.002581988897469289,0.0,0.0,0.05162709675588044,4.171058069025101e-05,0.997920997920998,0.0,0.0225173180089672,0.0002127634874791568,1.0,0.0,,
4,2,healthy,latest,0.27254590074531965,0.0001928271241020095,0.49800000000000183,0.002581988897469289,0.0,0.0,0.05162709675588044,4.171058069025101e-05,0.997920997920998,0.0,0.0225173180089672,0.0002127634874791568,1.0,0.0,,
4,2,healthy,latest_no_guard,0.27254590074531965,0.0001928271241020095,0.49800000000000183,0.002581988897469289,0.0,0.0,0.05162709675588044,4.171058069025101e-05,0.997920997920998,0.0,0.0225173180089672,0.0002127634874791568,1.0,0.0,,
4,2,healthy,no_buffer,0.27254590074531965,0.0001928271241020095,0.49800000000000183,0.002581988897469289,0.0,0.0,0.05162709675588044,4.171058069025101e-05,0.997920997920998,0.0,0.0225173180089672,0.0002127634874791568,1.0,0.0,,
4,2,healthy,ttl,0.27254590074531965,0.0001928271241020095,0.49800000000000183,0.002581988897469289,0.0,0.0,0.05162709675588044,4.171058069025101e-05,0.997920997920998,0.0,0.0225173180089672,0.0002127634874791568,1.0,0.0,,
4,2,outage,fifo,2.5079235593528457,0.0007661589689439503,12.780000000000001,0.014337208778404439,0.27934011997818575,0.00020346765303739083,0.3076894593138665,0.000256461946616314,0.997920997920998,0.0,2.0753574233781675,0.0010638174373957497,121.0,0.0,1.0950000000000002,0.017159383568312623
4,2,outage,latest,2.368996546082531,0.003996676213217147,12.626500000000002,0.014916433890177022,0.2613706598800218,0.0002708198506948636,0.2896332256967383,0.0003304727571763187,0.7546777546777547,0.0,0.05440041449990564,0.0013560827537883778,4.0,0.0,0.10000000000000069,0.013333333333331853
4,2,outage,latest_no_guard,2.368996546082531,0.003996676213217147,12.626500000000002,0.014916433890177022,0.2613706598800218,0.0002708198506948636,0.2896332256967383,0.0003304727571763187,0.7546777546777547,0.0,0.05440041449990564,0.0013560827537883778,4.0,0.0,0.10000000000000069,0.013333333333331853
4,2,outage,no_buffer,2.41507907653154,0.002680026229836532,12.7955,0.010394977419672491,0.2644428285766224,0.00019137867899599688,0.29173210172380254,0.00022143282680332072,0.7484407484407485,0.0,0.052211450189717755,0.0013309510240884523,1.0,0.0,0.4250000000000007,0.03171049598406733
4,2,outage,ttl,2.365363115797128,0.002576897281313995,12.611,0.008096638534326772,0.26127067805853477,0.00018553367136151246,0.2895366129954762,0.0003490651159111726,0.7650727650727651,0.0,0.06515687946156852,0.0013613173650940521,9.0,0.0,0.10400000000000058,0.016465452046970898
4,2,overloaded,fifo,0.4540560807125984,0.0037009541953749877,0.7620000000000002,0.004830458915396169,0.0,0.0,0.08585470037369382,0.000802575574289994,0.9956340956340956,0.0018203638997317246,0.20271290924345403,0.004271202039363568,1.0,0.0,,
4,2,overloaded,latest,0.4540560807125984,0.0037009541953749877,0.7620000000000002,0.004830458915396169,0.0,0.0,0.08585470037369382,0.000802575574289994,0.9956340956340956,0.0018203638997317246,0.20271290924345403,0.004271202039363568,1.0,0.0,,
4,2,overloaded,latest_no_guard,0.4540560807125984,0.0037009541953749877,0.7620000000000002,0.004830458915396169,0.0,0.0,0.08585470037369382,0.000802575574289994,0.9956340956340956,0.0018203638997317246,0.20271290924345403,0.004271202039363568,1.0,0.0,,
4,2,overloaded,no_buffer,0.4540560807125984,0.0037009541953749877,0.7620000000000002,0.004830458915396169,0.0,0.0,0.08585470037369382,0.000802575574289994,0.9935550935550935,0.001820363899731672,0.2025801262763153,0.004151212163351046,1.0,0.0,,
4,2,overloaded,ttl,0.4540560807125984,0.0037009541953749877,0.7620000000000002,0.004830458915396169,0.0,0.0,0.08585470037369382,0.000802575574289994,0.9956340956340956,0.0018203638997317246,0.20271290924345403,0.004271202039363568,1.0,0.0,,
4,5,degraded,fifo,0.2007862206871062,0.001751181026677817,0.33799999999992786,0.00421637021348141,0.0,0.0,0.038060501993684534,0.0004040760098108059,0.9976686094920899,0.000526607437163661,0.10052913027257222,0.0017784498660587816,1.0,0.0,,
4,5,degraded,latest,0.2007862206871062,0.001751181026677817,0.33799999999992786,0.00421637021348141,0.0,0.0,0.038060501993684534,0.0004040760098108059,0.9976686094920899,0.000526607437163661,0.10052913027257222,0.0017784498660587816,1.0,0.0,,
4,5,degraded,latest_no_guard,0.2007862206871062,0.001751181026677817,0.33799999999992786,0.00421637021348141,0.0,0.0,0.038060501993684534,0.0004040760098108059,0.9976686094920899,0.000526607437163661,0.10052913027257222,0.0017784498660587816,1.0,0.0,,
4,5,degraded,no_buffer,0.2007862206871062,0.001751181026677817,0.33799999999992786,0.00421637021348141,0.0,0.0,0.038060501993684534,0.0004040760098108059,0.9968359700249794,0.0005266074371637296,0.10051028865703342,0.001757761310170548,1.0,0.0,,
4,5,degraded,ttl,0.2007862206871062,0.001751181026677817,0.33799999999992786,0.00421637021348141,0.0,0.0,0.038060501993684534,0.0004040760098108059,0.9976686094920899,0.000526607437163661,0.10052913027257222,0.0017784498660587816,1.0,0.0,,
4,5,healthy,fifo,0.12006544264674943,0.0001147672360103167,0.21000000000000368,1.7250933163360054e-15,0.0,0.0,0.02277239002179266,2.8694766311637088e-05,0.9991673605328891,0.0,0.02005765472936869,0.00017769439722105355,1.0,0.0,,
4,5,healthy,latest,0.12006544264674943,0.0001147672360103167,0.21000000000000368,1.7250933163360054e-15,0.0,0.0,0.02277239002179266,2.8694766311637088e-05,0.9991673605328891,0.0,0.02005765472936869,0.00017769439722105355,1.0,0.0,,
4,5,healthy,latest_no_guard,0.12006544264674943,0.0001147672360103167,0.21000000000000368,1.7250933163360054e-15,0.0,0.0,0.02277239002179266,2.8694766311637088e-05,0.9991673605328891,0.0,0.02005765472936869,0.00017769439722105355,1.0,0.0,,
4,5,healthy,no_buffer,0.12006544264674943,0.0001147672360103167,0.21000000000000368,1.7250933163360054e-15,0.0,0.0,0.02277239002179266,2.8694766311637088e-05,0.9991673605328891,0.0,0.02005765472936869,0.00017769439722105355,1.0,0.0,,
4,5,healthy,ttl,0.12006544264674943,0.0001147672360103167,0.21000000000000368,1.7250933163360054e-15,0.0,0.0,0.02277239002179266,2.8694766311637088e-05,0.9991673605328891,0.0,0.02005765472936869,0.00017769439722105355,1.0,0.0,,
4,5,outage,fifo,2.608305762588574,0.0008225433975547784,12.865000000000041,0.011785113019779034,0.3088756589710961,0.00023296607433845402,0.3156446758954722,0.00021217723906250154,0.9989175686927559,0.0004022030737216578,2.3058401576312186,0.0015055389869094021,301.0,0.0,2.9040000000000004,0.021186998109426657
4,5,outage,latest,2.20193873841115,0.002566598178413196,12.419000000000038,0.009944289260117482,0.25774404653699323,0.0001807723915673164,0.26429736977599755,0.000193034787827072,0.7516236469608659,0.00040220307372160994,0.05072825971195397,0.0010732992762947932,4.0,0.0,0.08900000000000072,0.0185292561462493
4,5,outage,latest_no_guard,2.20193873841115,0.002566598178413196,12.419000000000038,0.009944289260117482,0.25774404653699323,0.0001807723915673164,0.26429736977599755,0.000193034787827072,0.7516236469608659,0.00040220307372160994,0.05072825971195397,0.0010732992762947932,4.0,0.0,0.08900000000000072,0.0185292561462493
4,5,outage,no_buffer,2.22348027631335,0.004025937141014246,12.498000000000038,0.012292725943058455,0.25918014906380654,0.00023565941322948553,0.26548023049139297,0.0004016143796554835,0.7491257285595336,0.00040220307372160994,0.05039401214371843,0.0010987870675604147,1.0,0.0,0.20700000000000068,0.017669811040932674
4,5,outage,ttl,2.2049081985093144,0.0032850289577881844,12.426000000000037,0.011737877907772722,0.2578985638974732,0.00020188246075208765,0.26464926323016247,0.00033284913219740854,0.7649458784346378,0.000402203073721545,0.06247745512868878,0.001082003687671764,20.0,0.0,0.09999999999999927,0.016329931618554155
4,5,overloaded,fifo,0.3335584439192466,0.003859807230442175,0.5319999999999695,0.006324555320215411,0.0,0.0,0.06319699958845047,0.0008120528054656501,0.9952539550374688,0.0006854892609064058,0.24089495581930315,0.003614223243960002,1.0,0.0,,
4,5,overloaded,latest,0.3335584439192466,0.003859807230442175,0.5319999999999695,0.006324555320215411,0.0,0.0,0.06319699958845047,0.0008120528054656501,0.9952539550374688,0.0006854892609064058,0.24089495581930315,0.003614223243960002,1.0,0.0,,
4,5,overloaded,latest_no_guard,0.36496091619701443,0.0039990553770381364,0.5890000000000105,0.005676462121963195,0.0,0.0,0.06902581189697396,0.0011031603658234268,0.9952539550374688,0.0006854892609064058,0.24089495581930315,0.003614223243960002,1.0,0.0,,
4,5,overloaded,no_buffer,0.2935511725140473,0.0038617373715820525,0.49199999999996924,0.006324555320214545,0.0,0.0,0.05562312452438948,0.0008129129713804704,0.9951706910907578,0.0007651428671713148,0.2008692233626092,0.0035315460054303627,1.0,0.0,,
4,5,overloaded,ttl,0.3335584439192466,0.003859807230442175,0.5319999999999695,0.006324555320215411,0.0,0.0,0.06319699958845047,0.0008120528054656501,0.9952539550374688,0.0006854892609064058,0.24089495581930315,0.003614223243960002,1.0,0.0,,
4,10,degraded,fifo,0.1486443373929906,0.0012217281671007324,0.24799999999986055,0.002581988897325951,0.0,0.0,0.02814590265890777,0.0002183394979042218,0.997917534360683,0.0003400652148803608,0.10262242035061184,0.0011791251350163475,1.0,0.0,,
4,10,degraded,latest,0.1486443373929906,0.0012217281671007324,0.24799999999986055,0.002581988897325951,0.0,0.0,0.02814590265890777,0.0002183394979042218,0.997917534360683,0.0003400652148803608,0.10262242035061184,0.0011791251350163475,1.0,0.0,,
4,10,degraded,latest_no_guard,0.1645664424647959,0.0015888530654676722,0.2784999999997151,0.0033747427884598,0.0,0.0,0.0311456183901678,0.00039099270748183446,0.997917534360683,0.0003400652148803608,0.10262242035061184,0.0011791251350163475,1.0,0.0,,
4,10,degraded,no_buffer,0.1486443373929906,0.0012217281671007324,0.24799999999986055,0.002581988897325951,0.0,0.0,0.02814590265890777,0.0002183394979042218,0.9975010412328198,0.00034006521488036563,0.1026138712270609,0.0011777235998099078,1.0,0.0,,
4,10,degraded,ttl,0.1486443373929906,0.0012217281671007324,0.24799999999986055,0.002581988897325951,0.0,0.0,0.02814590265890777,0.0002183394979042218,0.997917534360683,0.0003400652148803608,0.10262242035061184,0.0011791251350163475,1.0,0.0,,
4,10,healthy,fifo,0.07250363570238808,7.439260156875975e-05,0.11749999999973804,0.002635231383156886,0.0,0.0,0.01375301025745083,1.7046865326957227e-05,0.9993752603082049,0.00021951115230934933,0.0225175590015502,0.00011767073037608678,1.0,0.0,,
4,10,healthy,latest,0.07250363570238808,7.439260156875975e-05,0.11749999999973804,0.002635231383156886,0.0,0.0,0.01375301025745083,1.7046865326957227e-05,0.9993752603082049,0.00021951115230934933,0.0225175590015502,0.00011767073037608678,1.0,0.0,,
4,10,healthy,latest_no_guard,0.07250363570238808,7.439260156875975e-05,0.11749999999973804,0.002635231383156886,0.0,0.0,0.01375301025745083,1.7046865326957227e-05,0.9993752603082049,0.00021951115230934933,0.0225175590015502,0.00011767073037608678,1.0,0.0,,
4,10,healthy,no_buffer,0.07250363570238808,7.439260156875975e-05,0.11749999999973804,0.002635231383156886,0.0,0.0,0.01375301025745083,1.7046865326957227e-05,0.9993752603082049,0.00021951115230934933,0.0225175590015502,0.00011767073037608678,1.0,0.0,,
4,10,healthy,ttl,0.07250363570238808,7.439260156875975e-05,0.11749999999973804,0.002635231383156886,0.0,0.0,0.01375301025745083,1.7046865326957227e-05,0.9993752603082049,0.00021951115230934933,0.0225175590015502,0.00011767073037608678,1.0,0.0,,
4,10,outage,fifo,3.168841119796233,0.0007007347480409878,13.261999999999968,0.007149203529857011,0.38444373750227234,0.00019287174795976357,0.38150550492845037,0.0001438397873353363,0.9987921699291962,0.00023642074643797248,2.867923680675187,0.000971724557803143,601.0,0.0,7.132,0.016193277068654286
4,10,outage,latest,2.1529058353024904,0.0038043364207246276,12.368999999999984,0.014298407059685055,0.2566760588983821,0.0002583740957018651,0.25639484825018766,0.00020347169615902197,0.7501457725947522,0.00023642074643797248,0.052478949008936605,0.0007330377015669418,4.0,0.0,0.09000000000000123,0.01885618083164047
4,10,outage,latest_no_guard,2.1529381021630614,0.003817497948892272,12.368999999999984,0.014298407059685055,0.2566760588983821,0.0002583740957018651,0.2564013808812747,0.00020569416331631146,0.7501457725947522,0.00023642074643797248,0.052478949008936605,0.0007330377015669418,4.0,0.0,0.09000000000000123,0.01885618083164047
4,10,outage,no_buffer,2.1608134884564625,0.002933897277032321,12.397499999999985,0.011118053386771054,0.25720323577531357,0.0001907180256925091,0.2568268989811213,0.00021172657816514144,0.748896293211162,0.00023642074643797248,0.05237385930089087,0.0007307142174656262,1.0,0.0,0.12999999999999967,0.023094010767585216
4,10,outage,ttl,2.154554171968551,0.003830693124152058,12.358499999999985,0.01472903406352401,0.2570987093255771,0.0003219245339426477,0.25706092110063977,0.0002461721984770608,0.7655560183256976,0.00023642074643797248,0.06878678871564495,0.0007364272789629222,41.0,0.0,0.1300000000000004,0.03299831645537283
4,10,overloaded,fifo,16.416779221959622,0.0019299036152216136,28.79549999999987,0.015890248582068667,1.0,0.0,0.8463597533249168,0.0004871325742761277,0.4978342357351103,0.0003428873812363805,15.169705611281742,0.010520782029877612,1201.0,0.0,,
4,10,overloaded,latest,0.3436270678056449,0.0030204530685965865,0.547999999999744,0.004216370213482113,0.0,0.0,0.0650502286052056,0.0005807936332998195,0.4982507288629737,0.0004829245350805707,0.25264710751034036,0.0027437205153343007,4.0,0.0,,
4,10,overloaded,latest_no_guard,0.37688374840917194,0.0023116750922514574,0.6129999999997848,0.006324555320288069,0.0,0.0,0.07123014128826917,0.0005225989906564886,0.4982507288629737,0.0004829245350805707,0.25264710751034036,0.0027437205153343007,4.0,0.0,,
4,10,overloaded,no_buffer,16.358570714415457,0.0012856081360461393,54.5,0.0,0.5,0.0,0.3381809653220464,0.00021495621404026002,0.4977509371095376,0.0004583527424467056,0.19889866505466475,0.0023541772042859834,1.0,0.0,,
4,10,overloaded,ttl,16.403587984002808,0.0013878133583893604,53.595000000000006,0.0,0.9991319760043629,0.0001848521294404722,0.5457717715457664,0.0002535970136482067,0.497917534360683,0.00044986399405855856,1.173391755301541,0.0022221643271836985,40.0,0.0,,
16,2,degraded,fifo,0.3544810034539181,0.0009004129343131076,0.604000000000001,0.0007905694150427478,0.0,0.0,0.06759218071651067,0.0002795740365613636,0.9979177511712649,0.0004250372623257098,0.10456254357159116,0.0006798704779300508,1.0,0.0,,
16,2,degraded,latest,0.3544810034539181,0.0009004129343131076,0.604000000000001,0.0007905694150427478,0.0,0.0,0.06759218071651067,0.0002795740365613636,0.9979177511712649,0.0004250372623257098,0.10456254357159116,0.0006798704779300508,1.0,0.0,,
16,2,degraded,latest_no_guard,0.3544810034539181,0.0009004129343131076,0.604000000000001,0.0007905694150427478,0.0,0.0,0.06759218071651067,0.0002795740365613636,0.9979177511712649,0.0004250372623257098,0.10456254357159116,0.0006798704779300508,1.0,0.0,,
16,2,degraded,no_buffer,0.3544810034539181,0.0009004129343131076,0.604000000000001,0.0007905694150427478,0.0,0.0,0.06759218071651067,0.0002795740365613636,0.9973971889640814,0.0004250372623256979,0.10455287467479617,0.0006886877722223938,1.0,0.0,,
16,2,degraded,ttl,0.3544810034539181,0.0009004129343131076,0.604000000000001,0.0007905694150427478,0.0,0.0,0.06759218071651067,0.0002795740365613636,0.9979177511712649,0.0004250372623257098,0.10456254357159116,0.0006798704779300508,1.0,0.0,,
16,2,healthy,fifo,0.2743921559716422,7.99379776976506e-05,0.49950000000000044,0.0006454972243673463,0.0,0.0,0.05232373797178881,1.7145891800978658e-05,0.9994794377928162,0.0,0.02439855473136028,6.654516634906138e-05,1.0,0.0,,
16,2,healthy,latest,0.2743921559716422,7.99379776976506e-05,0.49950000000000044,0.0006454972243673463,0.0,0.0,0.05232373797178881,1.7145891800978658e-05,0.9994794377928162,0.0,0.02439855473136028,6.654516634906138e-05,1.0,0.0,,
16,2,healthy,latest_no_guard,0.2743921559716422,7.99379776976506e-05,0.49950000000000044,0.0006454972243673463,0.0,0.0,0.05232373797178881,1.7145891800978658e-05,0.9994794377928162,0.0,0.02439855473136028,6.654516634906138e-05,1.0,0.0,,
16,2,healthy,no_buffer,0.2743921559716422,7.99379776976506e-05,0.49950000000000044,0.0006454972243673463,0.0,0.0,0.05232373797178881,1.7145891800978658e-05,0.9994794377928162,0.0,0.02439855473136028,6.654516634906138e-05,1.0,0.0,,
16,2,healthy,ttl,0.2743921559716422,7.99379776976506e-05,0.49950000000000044,0.0006454972243673463,0.0,0.0,0.05232373797178881,1.7145891800978658e-05,0.9994794377928162,0.0,0.02439855473136028,6.654516634906138e-05,1.0,0.0,,
16,2,outage,fifo,3.0942999000181795,0.0004631382916478574,13.293375000000001,0.007121222195348356,0.354673013997455,0.00020684092188378504,0.3867815323200757,0.00013423611136899224,0.9989068193649141,0.00029549516512102634,2.613756590243417,0.0007158232783453826,481.0,0.0,5.359000000000001,0.022827858224351294
16,2,outage,latest,2.3695259952735874,0.0013352046437643383,12.626625,0.004411553644188184,0.26135020905289946,7.742928672158572e-05,0.3003337166652044,0.00017061269033266934,0.7568453930244663,0.0002954951651210601,0.057781555477673927,0.00044238270377111756,16.0,0.0,0.19499999999999953,0.015092308563562478
16,2,outage,latest_no_guard,2.3695259952735874,0.0013352046437643383,12.626625,0.004411553644188184,0.26135020905289946,7.742928672158572e-05,0.3003337166652044,0.00017061269033266934,0.7568453930244663,0.0002954951651210601,0.057781555477673927,0.00044238270377111756,16.0,0.0,0.19499999999999953,0.015092308563562478
16,2,outage,no_buffer,2.4174718233048544,0.002134901382486391,12.803,0.00719760762722993,0.2645553081257953,0.00012870318911474007,0.3028664152801374,0.00016792883270572636,0.74903695991671,0.0002954951651210601,0.05442322887849195,0.00045327828028122915,1.0,0.0,0.5229999999999997,0.018885620632287985
16,2,outage,ttl,2.3704002681330674,0.001314468199263142,12.622375000000002,0.004839435802744698,0.2621398382112343,0.0001107065077731519,0.3006431982711802,0.00015439895347010767,0.7656949505465903,0.0002954951651210601,0.06937242051774561,0.0004344139860836934,33.0,0.0,0.27000000000000096,0.02054804667656339
16,2,overloaded,fifo,12.588265769860026,0.001776071986363565,21.869750000000003,0.012216223275263793,1.0,0.0,0.8165401059380389,0.00041185542089273937,0.6223321186881833,0.00074634090465403,11.439445449117612,0.013176413615115356,721.0,0.0,,
16,2,overloaded,latest,0.8508725686238872,0.0019274343582442043,1.3365000000000011,0.003717451337198578,0.3199588711143428,0.002110639191847513,0.16189927254338535,0.00043630728828403085,0.62243623112962,0.0006515697850257533,0.44991699159890947,0.0016854379193892643,16.0,0.0,,
16,2,overloaded,latest_no_guard,0.8508725686238872,0.0019274343582442043,1.3365000000000011,0.003717451337198578,0.3199588711143428,0.002110639191847513,0.16189927254338535,0.00043630728828403085,0.62243623112962,0.0006515697850257533,0.44991699159890947,0.0016854379193892643,16.0,0.0,,
16,2,overloaded,no_buffer,16.477585893473915,0.0019942050510912595,54.5,0.0,0.5,0.0,0.3618561878498567,0.00045684536763109266,0.49786569495054656,0.00043897659693471086,0.2053055742507294,0.0027330152698593034,1.0,0.0,,
16,2,overloaded,ttl,12.587078485729867,0.0015625532137851542,51.345000000000006,0.0,0.9995137247773132,0.00011670446462310415,0.4938916290495399,0.0004695855642744406,0.6222280062467466,0.0006035928207852278,1.1626659305875344,0.0019577277157120767,32.0,0.0,,
16,5,degraded,fifo,8.310021586984202,0.0006454001503811268,14.498999999999928,0.0033747427885538707,1.0,0.0,1.0033021035807252,0.00016746307748774253,0.7484482399500104,0.00032639475869035493,7.5974406354206625,0.0030438623981796126,1202.0,0.0,,
16,5,degraded,latest,0.33208234866383723,0.0010130535171210047,0.5177499999999953,0.0014191155304326296,0.0,0.0,0.06332842336227876,0.00017854512816703146,0.7484898979379296,0.00020242143632734537,0.19882480098773186,0.0009897180474365593,16.0,0.0,,
16,5,degraded,latest_no_guard,0.33208234866383723,0.0010130535171210047,0.5177499999999953,0.0014191155304326296,0.0,0.0,0.06332842336227876,0.00017854512816703146,0.7484898979379296,0.00020242143632734537,0.19882480098773186,0.0009897180474365593,16.0,0.0,,
16,5,degraded,no_buffer,8.27837540901651,0.0005778969824155688,49.0,0.0,0.25,0.0,0.18877066073829726,0.00012318654336248178,0.7483857529681316,0.00021955687427400056,0.10459935949146817,0.0007571358625283628,1.0,0.0,,
16,5,degraded,ttl,4.144388747500427,0.004166607727628959,20.5085,0.017958284996067046,0.9993694328303946,6.926521374209512e-05,0.3755879730789008,0.00018913083689415155,0.7485315559258489,0.0004396622981042036,1.0603688766534878,0.0008756812227066356,81.0,0.0,,
16,5,healthy,fifo,0.12376181603340519,6.347312711037391e-05,0.2137499999998908,0.0013176156915408813,0.0,0.0,0.02360655803348617,1.142622506308451e-05,0.9994792751510102,0.0001097784371368726,0.02376862936822207,7.457497302450181e-05,1.0,0.0,,
16,5,healthy,latest,0.12376181603340519,6.347312711037391e-05,0.2137499999998908,0.0013176156915408813,0.0,0.0,0.02360655803348617,1.142622506308451e-05,0.9994792751510102,0.0001097784371368726,0.02376862936822207,7.457497302450181e-05,1.0,0.0,,
16,5,healthy,latest_no_guard,0.12376181603340519,6.347312711037391e-05,0.2137499999998908,0.0013176156915408813,0.0,0.0,0.02360655803348617,1.142622506308451e-05,0.9994792751510102,0.0001097784371368726,0.02376862936822207,7.457497302450181e-05,1.0,0.0,,
16,5,healthy,no_buffer,0.12376181603340519,6.347312711037391e-05,0.2137499999998908,0.0013176156915408813,0.0,0.0,0.02360655803348617,1.142622506308451e-05,0.9994792751510102,0.0001097784371368726,0.02376862936822207,7.457497302450181e-05,1.0,0.0,,
16,5,healthy,ttl,0.12376181603340519,6.347312711037391e-05,0.2137499999998908,0.0013176156915408813,0.0,0.0,0.02360655803348617,1.142622506308451e-05,0.9994792751510102,0.0001097784371368726,0.02376862936822207,7.457497302450181e-05,1.0,0.0,,
16,5,outage,fifo,6.169529630976177,0.00043407405571359135,14.232000000000047,0.0038729833462083823,0.7110070896200691,0.0,0.7456854443589493,9.582025546684817e-05,0.9571755884190793,0.00028116998863173204,5.759756532184165,0.001015818013819292,1201.0,0.0,,
16,5,outage,latest,2.2147939011088402,0.001997488340782412,12.460250000000036,0.007307720422796877,0.25835302672241406,0.00013290825553750342,0.27653163029343497,0.00012292804336981616,0.7521766298687773,0.000131734124564396,0.05495442581500985,0.00045677092460020137,16.0,0.0,0.19100000000000103,0.01523883926755026
16,5,outage,latest_no_guard,2.2147939011088402,0.001997488340782412,12.460250000000036,0.007307720422796877,0.25835302672241406,0.00013290825553750342,0.27653163029343497,0.00012292804336981616,0.7521766298687773,0.000131734124564396,0.05495442581500985,0.00045677092460020137,16.0,0.0,0.19100000000000103,0.01523883926755026
16,5,outage,no_buffer,2.225203372114112,0.0024109960794340517,12.499250000000037,0.007997395409341199,0.25907107798582074,0.00014353400924699896,0.2771070160060084,0.00019995325433433596,0.7490522807748385,0.000131734124564396,0.05386958799429389,0.00046058328463806277,1.0,0.0,0.2550000000000011,0.01715938356831123
16,5,outage,ttl,2.231671514270084,0.0013883296935961256,12.463000000000038,0.005244044240850356,0.26208871114342847,0.00018051831921186124,0.27962182272899166,0.00017342203059573155,0.765507186002916,0.0001317341245643975,0.08529513916546007,0.00042157120831836845,80.0,0.0,0.5330000000000019,0.024060109910157407
16,5,overloaded,fifo,24.535306307944012,0.0007104287945455155,43.10250000000002,0.007453559924999507,1.0,0.0,0.8131082520294199,0.0002771573872746154,0.24901062278691938,0.00029862963504275803,22.63791117083131,0.026569737478146838,3601.0,0.0,,
16,5,overloaded,latest,0.6965290401744737,0.00404247741193806,1.1267499999999697,0.0026483747636429234,0.14244455553535718,0.0035907684300713056,0.1324085813848414,0.000774684363795455,0.24905228077483854,0.0002785864423764114,0.29650233237004364,0.003063924816224104,16.0,0.0,,
16,5,overloaded,latest_no_guard,0.6965290401744737,0.00404247741193806,1.1267499999999697,0.0026483747636429234,0.14244455553535718,0.0035907684300713056,0.1324085813848414,0.000774684363795455,0.24905228077483854,0.0002785864423764114,0.29650233237004364,0.003063924816224104,16.0,0.0,,
16,5,overloaded,no_buffer,24.448215665333567,0.000824647253776983,56.34000000000001,0.0,0.75,0.0,0.4914561241115952,0.00021396717882876968,0.2491147677567173,0.0003256554717644181,0.20082384798515082,0.003687780865550893,1.0,0.0,,
16,5,overloaded,ttl,24.53271586984184,0.0006095841876698833,56.1225,0.0,0.9998591165242683,2.15570645802791e-05,0.7143455977302274,0.00012381648148030987,0.2489689647990002,0.00024151256170136572,1.1788325124550794,0.0024263788282945756,80.0,0.0,,
16,10,degraded,fifo,20.40501090710781,0.00032265413671695196,35.87624999999996,0.003908679799852543,1.0,0.0,0.9090373480245415,0.00010219165831756363,0.37426309759400056,0.00016321437730155855,18.823385440713487,0.007878540687810581,6002.0,0.0,,
16,10,degraded,latest,0.28332155517157753,0.001031659085664774,0.44962499999979216,0.0008436856970694658,0.0,0.0,0.05402993562166375,0.00018253707451250628,0.37438808457452344,0.00010122125984871596,0.14994089127306484,0.0010003489208707725,16.0,0.0,,
16,10,degraded,latest_no_guard,0.28332155517157753,0.001031659085664774,0.44962499999979216,0.0008436856970694658,0.0,0.0,0.05402993562166375,0.00018253707451250628,0.37438808457452344,0.00010122125984871596,0.14994089127306484,0.0010003489208707725,16.0,0.0,,
16,10,degraded,no_buffer,20.36894063295302,0.00023467821543397295,55.6,0.0,0.625,0.0,0.4086185274843223,6.788916159079316e-05,0.37434642224768255,0.0001509361185937912,0.10464230084226696,0.0007402173648305751,1.0,0.0,,
16,10,degraded,ttl,18.6111074122886,0.0019469269546814058,53.96124999999999,0.0,1.0,0.0,0.6195067843838429,0.00016547944699563282,0.3743151755025518,0.0001613574980192696,1.0854100700803104,0.0010100964927843268,162.0,0.0,,
16,10,healthy,fifo,0.07439113343007377,5.321292001349708e-05,0.11937499999975924,0.0006588078455757125,0.0,0.0,0.01419204811166549,1.2301964850669209e-05,0.9995104676596187,5.031203953121154e-05,0.02440408135518548,6.074547934145367e-05,2.0,0.0,,
16,10,healthy,latest,0.07439113343007377,5.321292001349708e-05,0.11937499999975924,0.0006588078455757125,0.0,0.0,0.01419204811166549,1.2301964850669209e-05,0.9995104676596187,5.031203953121154e-05,0.02440408135518548,6.074547934145367e-05,2.0,0.0,,
16,10,healthy,latest_no_guard,0.07439113343007377,5.321292001349708e-05,0.11937499999975924,0.0006588078455757125,0.0,0.0,0.01419204811166549,1.2301964850669209e-05,0.9995104676596187,5.031203953121154e-05,0.02440408135518548,6.074547934145367e-05,2.0,0.0,,
16,10,healthy,no_buffer,12.234793233616482,5.107458126748534e-05,52.67,0.0,0.375,0.0,0.24781121013344737,1.1790567376120225e-05,0.6247578377252369,5.031203953128722e-05,0.025682331658591823,8.116510668524843e-05,1.0,0.0,,
16,10,healthy,ttl,0.07439113343007377,5.321292001349708e-05,0.11937499999975924,0.0006588078455757125,0.0,0.0,0.01419204811166549,1.2301964850669209e-05,0.9995104676596187,5.031203953121154e-05,0.02440408135518548,6.074547934145367e-05,2.0,0.0,,
16,10,outage,fifo,14.85471596073439,0.00020422758105631468,25.655249999999818,0.0021889875894255434,1.0,0.0,0.6217976070907822,5.0055851594264976e-05,0.5617643995417144,0.00015719517303992508,13.99956308683295,0.003593665107752603,4202.0,0.0,,
16,10,outage,latest,2.236156948736412,0.0017736755526272395,12.507874999999988,0.005684103075929606,0.25919491910561715,0.00010536967763940187,0.2794116887777515,0.00016079565710323728,0.5617956462868452,9.571259071684363e-05,0.09894160334057191,0.0005928483505782859,16.0,0.0,0.19200000000000012,0.014757295747452805
16,10,outage,latest_no_guard,2.236156948736412,0.0017736755526272395,12.507874999999988,0.005684103075929606,0.25919491910561715,0.00010536967763940187,0.2794116887777515,0.00016079565710323728,0.5617956462868452,9.571259071684363e-05,0.09894160334057191,0.0005928483505782859,16.0,0.0,0.19200000000000012,0.014757295747452805
16,10,outage,no_buffer,13.539826523018428,0.0013509575229826202,52.67,0.0,0.535780994364661,8.193820358477618e-05,0.3961867026282784,0.00012399177623101637,0.4681387355483803,0.00015681130147050554,0.05580843065372337,0.0004916073447265686,1.0,0.0,,
16,10,outage,ttl,8.133680467187649,0.0023438561331451113,37.17125,0.0,0.9991444737320487,0.00012492562268132755,0.5023826823936212,0.0001348525858921675,0.5618477241953963,0.0001393077293874806,1.000686292134369,0.00048531603897913954,162.0,0.0,,
16,10,overloaded,fifo,28.517651676967823,0.00035623382894745735,50.17912500000001,0.005369991206285522,1.0,0.0,0.8506495233335446,0.00011589606112700724,0.12452869492761165,0.0001489262270564036,26.372917938304802,0.031127066417423823,8401.0,0.0,,
16,10,overloaded,latest,0.6483815442644736,0.004497654590153136,1.071999999999854,0.0039616214413300144,0.09740842574077438,0.003621386647454621,0.12315879488397238,0.0007760492178169602,0.12450786376419117,7.282636171026264e-05,0.24878618669039154,0.00464654988534796,16.0,0.0,,
16,10,overloaded,latest_no_guard,0.6483815442644736,0.004497654590153136,1.071999999999854,0.0039616214413300144,0.09740842574077438,0.003621386647454621,0.12315879488397238,0.0007760492178169602,0.12450786376419117,7.282636171026264e-05,0.24878618669039154,0.00464654988534796,16.0,0.0,,
16,10,overloaded,no_buffer,28.4658209586893,0.0005663869763870317,56.86,0.0,0.875,0.0,0.5629582221797474,0.0001059502426854817,0.12449744818248092,9.881088407985306e-05,0.209201963365937,0.005666601317515061,1.0,0.0,,
16,10,overloaded,ttl,28.513505839847276,0.00046089460660179386,56.775,0.0,0.9998943373932013,2.3982215656229004e-05,0.801833460850907,8.68325242460391e-05,0.12452869492761165,0.0001489262270564219,1.1841029267959784,0.003240973081054062,161.0,0.0,,
