devices,rate,scenario,metric,comparator,n,mean_delta,bootstrap_low,bootstrap_high
4,2,degraded,mean_aoi,fifo,10,0.0,0.0,0.0
4,2,degraded,mean_aoi,no_buffer,10,0.0,0.0,0.0
4,2,degraded,mean_aoi,ttl,10,0.0,0.0,0.0
4,2,degraded,mean_aoi,latest_no_guard,10,0.0,0.0,0.0
4,2,degraded,delivery_ratio,fifo,10,0.0,0.0,0.0
4,2,degraded,delivery_ratio,no_buffer,10,0.0020790020790020904,0.002079002079002057,0.0020790020790021234
4,2,degraded,delivery_ratio,ttl,10,0.0,0.0,0.0
4,2,degraded,delivery_ratio,latest_no_guard,10,0.0,0.0,0.0
4,2,degraded,mae,fifo,10,0.0,0.0,0.0
4,2,degraded,mae,no_buffer,10,0.0,0.0,0.0
4,2,degraded,mae,ttl,10,0.0,0.0,0.0
4,2,degraded,mae,latest_no_guard,10,0.0,0.0,0.0
4,2,degraded,stale_fraction,fifo,10,0.0,0.0,0.0
4,2,degraded,stale_fraction,no_buffer,10,0.0,0.0,0.0
4,2,degraded,stale_fraction,ttl,10,0.0,0.0,0.0
4,2,degraded,stale_fraction,latest_no_guard,10,0.0,0.0,0.0
4,2,healthy,mean_aoi,fifo,10,0.0,0.0,0.0
4,2,healthy,mean_aoi,no_buffer,10,0.0,0.0,0.0
4,2,healthy,mean_aoi,ttl,10,0.0,0.0,0.0
4,2,healthy,mean_aoi,latest_no_guard,10,0.0,0.0,0.0
4,2,healthy,delivery_ratio,fifo,10,0.0,0.0,0.0
4,2,healthy,delivery_ratio,no_buffer,10,0.0,0.0,0.0
4,2,healthy,delivery_ratio,ttl,10,0.0,0.0,0.0
4,2,healthy,delivery_ratio,latest_no_guard,10,0.0,0.0,0.0
4,2,healthy,mae,fifo,10,0.0,0.0,0.0
4,2,healthy,mae,no_buffer,10,0.0,0.0,0.0
4,2,healthy,mae,ttl,10,0.0,0.0,0.0
4,2,healthy,mae,latest_no_guard,10,0.0,0.0,0.0
4,2,healthy,stale_fraction,fifo,10,0.0,0.0,0.0
4,2,healthy,stale_fraction,no_buffer,10,0.0,0.0,0.0
4,2,healthy,stale_fraction,ttl,10,0.0,0.0,0.0
4,2,healthy,stale_fraction,latest_no_guard,10,0.0,0.0,0.0
4,2,outage,mean_aoi,fifo,10,-0.1389270132703145,-0.14132657698600254,-0.13659101754226508
4,2,outage,mean_aoi,no_buffer,10,-0.0460825304490093,-0.048606503363024994,-0.0438329394655518
4,2,outage,mean_aoi,ttl,10,0.0036334302854025948,0.0008702963097618044,0.006353447100527126
4,2,outage,mean_aoi,latest_no_guard,10,0.0,0.0,0.0
4,2,outage,delivery_ratio,fifo,10,-0.24324324324324334,-0.24324324324324334,-0.24324324324324334
4,2,outage,delivery_ratio,no_buffer,10,0.006237006237006182,0.006237006237006182,0.006237006237006182
4,2,outage,delivery_ratio,ttl,10,-0.010395010395010451,-0.010395010395010451,-0.010395010395010451
4,2,outage,delivery_ratio,latest_no_guard,10,0.0,0.0,0.0
4,2,outage,mae,fifo,10,-0.018056233617128208,-0.018168541965569364,-0.017933404588243048
4,2,outage,mae,no_buffer,10,-0.0020988760270643004,-0.002262065057513588,-0.0019477954554031562
4,2,outage,mae,ttl,10,9.661270126208321e-05,-9.613044873036336e-05,0.00029956654900825495
4,2,outage,mae,latest_no_guard,10,0.0,0.0,0.0
4,2,outage,stale_fraction,fifo,10,-0.01796946009816397,-0.01817396836938741,-0.01777404108343934
4,2,outage,stale_fraction,no_buffer,10,-0.0030721686966006133,-0.003240433557535013,-0.0029221959643701166
4,2,outage,stale_fraction,ttl,10,9.998182148699963e-05,-0.00011816033448464047,0.00031357934920922537
4,2,outage,stale_fraction,latest_no_guard,10,0.0,0.0,0.0
4,2,overloaded,mean_aoi,fifo,10,0.0,0.0,0.0
4,2,overloaded,mean_aoi,no_buffer,10,0.0,0.0,0.0
4,2,overloaded,mean_aoi,ttl,10,0.0,0.0,0.0
4,2,overloaded,mean_aoi,latest_no_guard,10,0.0,0.0,0.0
4,2,overloaded,delivery_ratio,fifo,10,0.0,0.0,0.0
4,2,overloaded,delivery_ratio,no_buffer,10,0.002079002079002068,0.0020790020790020236,0.0020790020790021125
4,2,overloaded,delivery_ratio,ttl,10,0.0,0.0,0.0
4,2,overloaded,delivery_ratio,latest_no_guard,10,0.0,0.0,0.0
4,2,overloaded,mae,fifo,10,0.0,0.0,0.0
4,2,overloaded,mae,no_buffer,10,0.0,0.0,0.0
4,2,overloaded,mae,ttl,10,0.0,0.0,0.0
4,2,overloaded,mae,latest_no_guard,10,0.0,0.0,0.0
4,2,overloaded,stale_fraction,fifo,10,0.0,0.0,0.0
4,2,overloaded,stale_fraction,no_buffer,10,0.0,0.0,0.0
4,2,overloaded,stale_fraction,ttl,10,0.0,0.0,0.0
4,2,overloaded,stale_fraction,latest_no_guard,10,0.0,0.0,0.0
4,5,degraded,mean_aoi,fifo,10,0.0,0.0,0.0
4,5,degraded,mean_aoi,no_buffer,10,0.0,0.0,0.0
4,5,degraded,mean_aoi,ttl,10,0.0,0.0,0.0
4,5,degraded,mean_aoi,latest_no_guard,10,0.0,0.0,0.0
4,5,degraded,delivery_ratio,fifo,10,0.0,0.0,0.0
4,5,degraded,delivery_ratio,no_buffer,10,0.0008326394671106296,0.0008326394671105853,0.0008326394671106741
4,5,degraded,delivery_ratio,ttl,10,0.0,0.0,0.0
4,5,degraded,delivery_ratio,latest_no_guard,10,0.0,0.0,0.0
4,5,degraded,mae,fifo,10,0.0,0.0,0.0
4,5,degraded,mae,no_buffer,10,0.0,0.0,0.0
4,5,degraded,mae,ttl,10,0.0,0.0,0.0
4,5,degraded,mae,latest_no_guard,10,0.0,0.0,0.0
4,5,degraded,stale_fraction,fifo,10,0.0,0.0,0.0
4,5,degraded,stale_fraction,no_buffer,10,0.0,0.0,0.0
4,5,degraded,stale_fraction,ttl,10,0.0,0.0,0.0
4,5,degraded,stale_fraction,latest_no_guard,10,0.0,0.0,0.0
4,5,healthy,mean_aoi,fifo,10,0.0,0.0,0.0
4,5,healthy,mean_aoi,no_buffer,10,0.0,0.0,0.0
4,5,healthy,mean_aoi,ttl,10,0.0,0.0,0.0
4,5,healthy,mean_aoi,latest_no_guard,10,0.0,0.0,0.0
4,5,healthy,delivery_ratio,fifo,10,0.0,0.0,0.0
4,5,healthy,delivery_ratio,no_buffer,10,0.0,0.0,0.0
4,5,healthy,delivery_ratio,ttl,10,0.0,0.0,0.0
4,5,healthy,delivery_ratio,latest_no_guard,10,0.0,0.0,0.0
4,5,healthy,mae,fifo,10,0.0,0.0,0.0
4,5,healthy,mae,no_buffer,10,0.0,0.0,0.0
4,5,healthy,mae,ttl,10,0.0,0.0,0.0
4,5,healthy,mae,latest_no_guard,10,0.0,0.0,0.0
4,5,healthy,stale_fraction,fifo,10,0.0,0.0,0.0
4,5,healthy,stale_fraction,no_buffer,10,0.0,0.0,0.0
4,5,healthy,stale_fraction,ttl,10,0.0,0.0,0.0
4,5,healthy,stale_fraction,latest_no_guard,10,0.0,0.0,0.0
4,5,outage,mean_aoi,fifo,10,-0.406367024177424,-0.4081569032903126,-0.4047799945464479
4,5,outage,mean_aoi,no_buffer,10,-0.02154153790219957,-0.02372295946191616,-0.019019269223777658
4,5,outage,mean_aoi,ttl,10,-0.002969460098164012,-0.005607412288674803,-0.00044173786584260523
4,5,outage,mean_aoi,latest_no_guard,10,0.0,0.0,0.0
4,5,outage,delivery_ratio,fifo,10,-0.24729392173189,-0.24729392173189,-0.24729392173188997
4,5,outage,delivery_ratio,no_buffer,10,0.0024979184013322886,0.0024979184013322886,0.0024979184013322886
4,5,outage,delivery_ratio,ttl,10,-0.013322231473771795,-0.013322231473771828,-0.013322231473771762
4,5,outage,delivery_ratio,latest_no_guard,10,0.0,0.0,0.0
4,5,outage,mae,fifo,10,-0.05134730611947465,-0.05148172363225311,-0.051218449076637584
4,5,outage,mae,no_buffer,10,-0.0011828607153954174,-0.001385348636586281,-0.0009705604651924618
4,5,outage,mae,ttl,10,-0.0003518934541648977,-0.0004950948764153799,-0.0001928541516536121
4,5,outage,mae,latest_no_guard,10,0.0,0.0,0.0
4,5,outage,stale_fraction,fifo,10,-0.05113161243410288,-0.051336234321032556,-0.050931648791128846
4,5,outage,stale_fraction,no_buffer,10,-0.0014361025268133266,-0.0015815306307944421,-0.0012679512815851888
4,5,outage,stale_fraction,ttl,10,-0.00015451736047991104,-0.0003363024904562861,2.7267769496469584e-05
4,5,outage,stale_fraction,latest_no_guard,10,0.0,0.0,0.0
4,5,overloaded,mean_aoi,fifo,10,0.0,0.0,0.0
4,5,overloaded,mean_aoi,no_buffer,10,0.04000727140519927,0.03997000545355412,0.04004181057989474
4,5,overloaded,mean_aoi,ttl,10,0.0,0.0,0.0
4,5,overloaded,mean_aoi,latest_no_guard,10,-0.031402472277767865,-0.03274316033448483,-0.029983571168878568
4,5,overloaded,delivery_ratio,fifo,10,0.0,0.0,0.0
4,5,overloaded,delivery_ratio,no_buffer,10,8.326394671108739e-05,-0.00016652789342215258,0.00033305578684434957
4,5,overloaded,delivery_ratio,ttl,10,0.0,0.0,0.0
4,5,overloaded,delivery_ratio,latest_no_guard,10,0.0,0.0,0.0
4,5,overloaded,mae,fifo,10,0.0,0.0,0.0
4,5,overloaded,mae,no_buffer,10,0.007573875064060998,0.007565767750398094,0.007581058471765621
4,5,overloaded,mae,ttl,10,0.0,0.0,0.0
4,5,overloaded,mae,latest_no_guard,10,-0.005828812308523492,-0.006207511315267777,-0.005428581270424764
4,5,overloaded,stale_fraction,fifo,10,0.0,0.0,0.0
4,5,overloaded,stale_fraction,no_buffer,10,0.0,0.0,0.0
4,5,overloaded,stale_fraction,ttl,10,0.0,0.0,0.0
4,5,overloaded,stale_fraction,latest_no_guard,10,0.0,0.0,0.0
4,10,degraded,mean_aoi,fifo,10,0.0,0.0,0.0
4,10,degraded,mean_aoi,no_buffer,10,0.0,0.0,0.0
4,10,degraded,mean_aoi,ttl,10,0.0,0.0,0.0
4,10,degraded,mean_aoi,latest_no_guard,10,-0.015922105071805283,-0.016612899927286123,-0.015238558898382236
4,10,degraded,delivery_ratio,fifo,10,0.0,0.0,0.0
4,10,degraded,delivery_ratio,no_buffer,10,0.0004164931278633599,0.00041649312786322666,0.0004164931278634931
4,10,degraded,delivery_ratio,ttl,10,0.0,0.0,0.0
4,10,degraded,delivery_ratio,latest_no_guard,10,0.0,0.0,0.0
4,10,degraded,mae,fifo,10,0.0,0.0,0.0
4,10,degraded,mae,no_buffer,10,0.0,0.0,0.0
4,10,degraded,mae,ttl,10,0.0,0.0,0.0
4,10,degraded,mae,latest_no_guard,10,-0.0029997157312600304,-0.0031486105752085527,-0.002844738653677645
4,10,degraded,stale_fraction,fifo,10,0.0,0.0,0.0
4,10,degraded,stale_fraction,no_buffer,10,0.0,0.0,0.0
4,10,degraded,stale_fraction,ttl,10,0.0,0.0,0.0
4,10,degraded,stale_fraction,latest_no_guard,10,0.0,0.0,0.0
4,10,healthy,mean_aoi,fifo,10,0.0,0.0,0.0
4,10,healthy,mean_aoi,no_buffer,10,0.0,0.0,0.0
4,10,healthy,mean_aoi,ttl,10,0.0,0.0,0.0
4,10,healthy,mean_aoi,latest_no_guard,10,0.0,0.0,0.0
4,10,healthy,delivery_ratio,fifo,10,0.0,0.0,0.0
4,10,healthy,delivery_ratio,no_buffer,10,0.0,0.0,0.0
4,10,healthy,delivery_ratio,ttl,10,0.0,0.0,0.0
4,10,healthy,delivery_ratio,latest_no_guard,10,0.0,0.0,0.0
4,10,healthy,mae,fifo,10,0.0,0.0,0.0
4,10,healthy,mae,no_buffer,10,0.0,0.0,0.0
4,10,healthy,mae,ttl,10,0.0,0.0,0.0
4,10,healthy,mae,latest_no_guard,10,0.0,0.0,0.0
4,10,healthy,stale_fraction,fifo,10,0.0,0.0,0.0
4,10,healthy,stale_fraction,no_buffer,10,0.0,0.0,0.0
4,10,healthy,stale_fraction,ttl,10,0.0,0.0,0.0
4,10,healthy,stale_fraction,latest_no_guard,10,0.0,0.0,0.0
4,10,outage,mean_aoi,fifo,10,-1.0159352844937426,-1.018101458825682,-1.0138474709143936
4,10,outage,mean_aoi,no_buffer,10,-0.007907653153972082,-0.009680058171241646,-0.006203417560443647
4,10,outage,mean_aoi,ttl,10,-0.0016483366660605902,-0.005562715869841786,0.0018628431194330109
4,10,outage,mean_aoi,latest_no_guard,10,-3.226686057078432e-05,-5.135429921825363e-05,-1.363388474824312e-05
4,10,outage,delivery_ratio,fifo,10,-0.24864639733444394,-0.24864639733444394,-0.24864639733444394
4,10,outage,delivery_ratio,no_buffer,10,0.001249479383590213,0.001249479383590213,0.001249479383590213
4,10,outage,delivery_ratio,ttl,10,-0.015410245730945404,-0.015410245730945404,-0.015410245730945404
4,10,outage,delivery_ratio,latest_no_guard,10,0.0,0.0,0.0
4,10,outage,mae,fifo,10,-0.1251106566782627,-0.1252747425754998,-0.1249881902769078
4,10,outage,mae,no_buffer,10,-0.00043205073093364744,-0.0005525824604437575,-0.0003157450798725575
4,10,outage,mae,ttl,10,-0.0006660728504521262,-0.000856154002738763,-0.0004956960321728808
4,10,outage,mae,latest_no_guard,10,-6.5326310869973095e-06,-1.1524003960782098e-05,-2.2097873491055964e-06
4,10,outage,stale_fraction,fifo,10,-0.1277676786038902,-0.12799036538811123,-0.127554081076168
4,10,outage,stale_fraction,no_buffer,10,-0.0005271768769314567,-0.0006453372114160749,-0.0004135611706962637
4,10,outage,stale_fraction,ttl,10,-0.0004226504271950371,-0.0006226140701690309,-0.0002681330667151094
4,10,outage,stale_fraction,latest_no_guard,10,0.0,0.0,0.0
4,10,overloaded,mean_aoi,fifo,10,-16.073152154153977,-16.07485002726796,-16.07127925604454
4,10,overloaded,mean_aoi,no_buffer,10,-16.01494364660981,-16.01627480230877,-16.01348254862763
4,10,overloaded,mean_aoi,ttl,10,-16.059960916197166,-16.06125296537004,-16.058546502908673
4,10,overloaded,mean_aoi,latest_no_guard,10,-0.03325668060352698,-0.034527449554626805,-0.03213870205417231
4,10,overloaded,delivery_ratio,fifo,10,0.0004164931278633932,4.164931278634043e-05,0.0008329862557267757
4,10,overloaded,delivery_ratio,no_buffer,10,0.0004997917534360407,0.00024989587671802037,0.0007496876301540722
4,10,overloaded,delivery_ratio,ttl,10,0.00033319450229070126,4.164931278632933e-05,0.0005830903790087549
4,10,overloaded,delivery_ratio,latest_no_guard,10,0.0,0.0,0.0
4,10,overloaded,mae,fifo,10,-0.781309524719711,-0.7817250905051404,-0.7808751673829757
4,10,overloaded,mae,no_buffer,10,-0.2731307367168408,-0.2733903594020532,-0.27285128096626304
4,10,overloaded,mae,ttl,10,-0.4807215429405608,-0.48096888283688727,-0.48044647443737304
4,10,overloaded,mae,latest_no_guard,10,-0.006179912683063579,-0.006468908486010443,-0.005927897177215903
4,10,overloaded,stale_fraction,fifo,10,-1.0,-1.0,-1.0
4,10,overloaded,stale_fraction,no_buffer,10,-0.5,-0.5,-0.5
4,10,overloaded,stale_fraction,ttl,10,-0.9991319760043629,-0.9992366160698056,-0.9990229049263769
4,10,overloaded,stale_fraction,latest_no_guard,10,0.0,0.0,0.0
16,2,degraded,mean_aoi,fifo,10,0.0,0.0,0.0
16,2,degraded,mean_aoi,no_buffer,10,0.0,0.0,0.0
16,2,degraded,mean_aoi,ttl,10,0.0,0.0,0.0
16,2,degraded,mean_aoi,latest_no_guard,10,0.0,0.0,0.0
16,2,degraded,delivery_ratio,fifo,10,0.0,0.0,0.0
16,2,degraded,delivery_ratio,no_buffer,10,0.0005205622071835836,0.0005205622071835503,0.0005205622071836169
16,2,degraded,delivery_ratio,ttl,10,0.0,0.0,0.0
16,2,degraded,delivery_ratio,latest_no_guard,10,0.0,0.0,0.0
16,2,degraded,mae,fifo,10,0.0,0.0,0.0
16,2,degraded,mae,no_buffer,10,0.0,0.0,0.0
16,2,degraded,mae,ttl,10,0.0,0.0,0.0
16,2,degraded,mae,latest_no_guard,10,0.0,0.0,0.0
16,2,degraded,stale_fraction,fifo,10,0.0,0.0,0.0
16,2,degraded,stale_fraction,no_buffer,10,0.0,0.0,0.0
16,2,degraded,stale_fraction,ttl,10,0.0,0.0,0.0
16,2,degraded,stale_fraction,latest_no_guard,10,0.0,0.0,0.0
16,2,healthy,mean_aoi,fifo,10,0.0,0.0,0.0
16,2,healthy,mean_aoi,no_buffer,10,0.0,0.0,0.0
16,2,healthy,mean_aoi,ttl,10,0.0,0.0,0.0
16,2,healthy,mean_aoi,latest_no_guard,10,0.0,0.0,0.0
16,2,healthy,delivery_ratio,fifo,10,0.0,0.0,0.0
16,2,healthy,delivery_ratio,no_buffer,10,0.0,0.0,0.0
16,2,healthy,delivery_ratio,ttl,10,0.0,0.0,0.0
16,2,healthy,delivery_ratio,latest_no_guard,10,0.0,0.0,0.0
16,2,healthy,mae,fifo,10,0.0,0.0,0.0
16,2,healthy,mae,no_buffer,10,0.0,0.0,0.0
16,2,healthy,mae,ttl,10,0.0,0.0,0.0
16,2,healthy,mae,latest_no_guard,10,0.0,0.0,0.0
16,2,healthy,stale_fraction,fifo,10,0.0,0.0,0.0
16,2,healthy,stale_fraction,no_buffer,10,0.0,0.0,0.0
16,2,healthy,stale_fraction,ttl,10,0.0,0.0,0.0
16,2,healthy,stale_fraction,latest_no_guard,10,0.0,0.0,0.0
16,2,outage,mean_aoi,fifo,10,-0.7247739047445918,-0.7253885657153245,-0.724081970891656
16,2,outage,mean_aoi,no_buffer,10,-0.04794582803126692,-0.04903653881112513,-0.046838074895473446
16,2,outage,mean_aoi,ttl,10,-0.0008742728594799854,-0.002008739888202168,0.0001335126567898335
16,2,outage,mean_aoi,latest_no_guard,10,0.0,0.0,0.0
16,2,outage,delivery_ratio,fifo,10,-0.24206142634044775,-0.24206142634044775,-0.24206142634044775
16,2,outage,delivery_ratio,no_buffer,10,0.007808433107756363,0.007808433107756363,0.007808433107756363
16,2,outage,delivery_ratio,ttl,10,-0.008849557522123908,-0.008849557522123908,-0.008849557522123908
16,2,outage,delivery_ratio,latest_no_guard,10,0.0,0.0,0.0
16,2,outage,mae,fifo,10,-0.08644781565487132,-0.08653090157672581,-0.08636828322771747
16,2,outage,mae,no_buffer,10,-0.0025326986149330267,-0.0025978201312092998,-0.0024662761679292156
16,2,outage,mae,ttl,10,-0.00030948160597575326,-0.0003928565715496366,-0.0002190506973948889
16,2,outage,mae,latest_no_guard,10,0.0,0.0,0.0
16,2,outage,stale_fraction,fifo,10,-0.09332280494455555,-0.09347164151972369,-0.0931705314942738
16,2,outage,stale_fraction,no_buffer,10,-0.0032050990728958338,-0.003277813124886381,-0.003131248863842939
16,2,outage,stale_fraction,ttl,10,-0.0007896291583348702,-0.0008532539538265826,-0.0007305205871659815
16,2,outage,stale_fraction,latest_no_guard,10,0.0,0.0,0.0
16,2,overloaded,mean_aoi,fifo,10,-11.73739320123614,-11.738692964915469,-11.736232048718415
16,2,overloaded,mean_aoi,no_buffer,10,-15.626713324850027,-15.627928473232137,-15.625537388088526
16,2,overloaded,mean_aoi,ttl,10,-11.73620591710598,-11.737421633566626,-11.735075426626976
16,2,overloaded,mean_aoi,latest_no_guard,10,0.0,0.0,0.0
16,2,overloaded,delivery_ratio,fifo,10,0.00010411244143673226,-0.0003643935450286406,0.0005726184279021051
16,2,overloaded,delivery_ratio,no_buffer,10,0.1245705361790734,0.12404997397188966,0.12509109838625715
16,2,overloaded,delivery_ratio,ttl,10,0.00020822488287347563,-0.0002602811035919084,0.000780843310775603
16,2,overloaded,delivery_ratio,latest_no_guard,10,0.0,0.0,0.0
16,2,overloaded,mae,fifo,10,-0.6546408333946536,-0.6548972667718627,-0.6543803587318444
16,2,overloaded,mae,no_buffer,10,-0.19995691530647133,-0.20021405164738781,-0.19968894143273658
16,2,overloaded,mae,ttl,10,-0.3319923565061546,-0.33223761873384305,-0.331769360722311
16,2,overloaded,mae,latest_no_guard,10,0.0,0.0,0.0
16,2,overloaded,stale_fraction,fifo,10,-0.6800411288856572,-0.6812238967914925,-0.6787640599436466
16,2,overloaded,stale_fraction,no_buffer,10,-0.18004112888565718,-0.18122389679149248,-0.1787640599436466
16,2,overloaded,stale_fraction,ttl,10,-0.6795548536629703,-0.6807353208507543,-0.6782971277949464
16,2,overloaded,stale_fraction,latest_no_guard,10,0.0,0.0,0.0
16,5,degraded,mean_aoi,fifo,10,-7.977939238320367,-7.978376210007331,-7.9775031755590495
16,5,degraded,mean_aoi,no_buffer,10,-7.946293060352675,-7.946777972186885,-7.945931989638258
16,5,degraded,mean_aoi,ttl,10,-3.812306398836589,-3.8149137486366262,-3.8098368478458604
16,5,degraded,mean_aoi,latest_no_guard,10,0.0,0.0,0.0
16,5,degraded,delivery_ratio,fifo,10,4.165798791919695e-05,-0.0001458029577171338,0.000249947927515104
16,5,degraded,delivery_ratio,no_buffer,10,0.00010414496979797017,-6.248698187878432e-05,0.00027077692147470245
16,5,degraded,delivery_ratio,ttl,10,-4.165798791920805e-05,-0.00035409289731310747,0.00027077692147466916
16,5,degraded,delivery_ratio,latest_no_guard,10,0.0,0.0,0.0
16,5,degraded,mae,fifo,10,-0.9399736802184464,-0.9401112542858616,-0.9398654899510545
16,5,degraded,mae,no_buffer,10,-0.1254422373760185,-0.12550822402779477,-0.1253907670089367
16,5,degraded,mae,ttl,10,-0.312259549716622,-0.3124185256384415,-0.3121089025034791
16,5,degraded,mae,latest_no_guard,10,0.0,0.0,0.0
16,5,degraded,stale_fraction,fifo,10,-1.0,-1.0,-1.0
16,5,degraded,stale_fraction,no_buffer,10,-0.25,-0.25,-0.25
16,5,degraded,stale_fraction,ttl,10,-0.9993694328303946,-0.9994137429558261,-0.9993342119614613
16,5,degraded,stale_fraction,latest_no_guard,10,0.0,0.0,0.0
16,5,healthy,mean_aoi,fifo,10,0.0,0.0,0.0
16,5,healthy,mean_aoi,no_buffer,10,0.0,0.0,0.0
16,5,healthy,mean_aoi,ttl,10,0.0,0.0,0.0
16,5,healthy,mean_aoi,latest_no_guard,10,0.0,0.0,0.0
16,5,healthy,delivery_ratio,fifo,10,0.0,0.0,0.0
16,5,healthy,delivery_ratio,no_buffer,10,0.0,0.0,0.0
16,5,healthy,delivery_ratio,ttl,10,0.0,0.0,0.0
16,5,healthy,delivery_ratio,latest_no_guard,10,0.0,0.0,0.0
16,5,healthy,mae,fifo,10,0.0,0.0,0.0
16,5,healthy,mae,no_buffer,10,0.0,0.0,0.0
16,5,healthy,mae,ttl,10,0.0,0.0,0.0
16,5,healthy,mae,latest_no_guard,10,0.0,0.0,0.0
16,5,healthy,stale_fraction,fifo,10,0.0,0.0,0.0
16,5,healthy,stale_fraction,no_buffer,10,0.0,0.0,0.0
16,5,healthy,stale_fraction,ttl,10,0.0,0.0,0.0
16,5,healthy,stale_fraction,latest_no_guard,10,0.0,0.0,0.0
16,5,outage,mean_aoi,fifo,10,-3.9547357298673367,-3.9558857537266356,-3.953525489683735
16,5,outage,mean_aoi,no_buffer,10,-0.010409471005271832,-0.011943283039447472,-0.008517769496455285
16,5,outage,mean_aoi,ttl,10,-0.016877613161243588,-0.01853708416651534,-0.015298547991274551
16,5,outage,mean_aoi,latest_no_guard,10,0.0,0.0,0.0
16,5,outage,delivery_ratio,fifo,10,-0.20499895855030195,-0.20514476150801908,-0.20485315559258482
16,5,outage,delivery_ratio,no_buffer,10,0.003124349093938772,0.003124349093938772,0.003124349093938772
16,5,outage,delivery_ratio,ttl,10,-0.013330556134138694,-0.013330556134138694,-0.013330556134138694
16,5,outage,delivery_ratio,latest_no_guard,10,0.0,0.0,0.0
16,5,outage,mae,fifo,10,-0.4691538140655144,-0.46923293226775115,-0.469065276081024
16,5,outage,mae,no_buffer,10,-0.0005753857125734618,-0.0006745050857124857,-0.00046685402248982185
16,5,outage,mae,ttl,10,-0.003090192435556688,-0.003209634836343608,-0.0029586543328582256
16,5,outage,mae,latest_no_guard,10,0.0,0.0,0.0
16,5,outage,stale_fraction,fifo,10,-0.452654062897655,-0.452731321577895,-0.4525745319032903
16,5,outage,stale_fraction,no_buffer,10,-0.0007180512634066549,-0.0008203053990183728,-0.0005919378294855393
16,5,outage,stale_fraction,ttl,10,-0.003735684421014368,-0.0038720232684966494,-0.003599345573532081
16,5,outage,stale_fraction,latest_no_guard,10,0.0,0.0,0.0
16,5,overloaded,mean_aoi,fifo,10,-23.838777267769537,-23.841095954144745,-23.83632857094169
16,5,overloaded,mean_aoi,no_buffer,10,-23.751686625159092,-23.753925774859148,-23.749453201690635
16,5,overloaded,mean_aoi,ttl,10,-23.836186829667362,-23.838319850936223,-23.833944504408326
16,5,overloaded,mean_aoi,latest_no_guard,10,0.0,0.0,0.0
16,5,overloaded,delivery_ratio,fifo,10,4.165798791918307e-05,-0.0002082899395958876,0.00027077692147466634
16,5,overloaded,delivery_ratio,no_buffer,10,-6.24869818787649e-05,-0.00027077692147465805,8.33159758383606e-05
16,5,overloaded,delivery_ratio,ttl,10,8.33159758383606e-05,-0.00012497396375753532,0.0002916059154342427
16,5,overloaded,delivery_ratio,latest_no_guard,10,0.0,0.0,0.0
16,5,overloaded,mae,fifo,10,-0.6806996706445785,-0.6812222330391151,-0.6801970284505399
16,5,overloaded,mae,no_buffer,10,-0.35904754272675377,-0.35946485468773803,-0.35864396480678906
16,5,overloaded,mae,ttl,10,-0.581937016345386,-0.5823760851215192,-0.5814894407416078
16,5,overloaded,mae,latest_no_guard,10,0.0,0.0,0.0
16,5,overloaded,stale_fraction,fifo,10,-0.8575554444646428,-0.8597073259407381,-0.8554352333666607
16,5,overloaded,stale_fraction,no_buffer,10,-0.6075554444646428,-0.6097073259407381,-0.6054352333666607
16,5,overloaded,stale_fraction,ttl,10,-0.8574145609889111,-0.8595630339938193,-0.8552887543173969
16,5,overloaded,stale_fraction,latest_no_guard,10,0.0,0.0,0.0
16,10,degraded,mean_aoi,fifo,10,-20.121689351936233,-20.122264704713,-20.12115626704258
16,10,degraded,mean_aoi,no_buffer,10,-20.08561907778144,-20.08626680660348,-20.08501699690978
16,10,degraded,mean_aoi,ttl,10,-18.32778585711702,-18.32925672604994,-18.32628959791415
16,10,degraded,mean_aoi,latest_no_guard,10,0.0,0.0,0.0
16,10,degraded,delivery_ratio,fifo,10,0.00012498698052286207,1.0415581710271348e-05,0.0002395583793354694
16,10,degraded,delivery_ratio,no_buffer,10,4.166232684092997e-05,-4.166232684096327e-05,0.00013540256223305014
16,10,degraded,delivery_ratio,ttl,10,7.290907197164964e-05,-3.124674513075853e-05,0.00016664930736380313
16,10,degraded,delivery_ratio,latest_no_guard,10,0.0,0.0,0.0
16,10,degraded,mae,fifo,10,-0.8550074124028777,-0.8551236994089205,-0.8548956354040156
16,10,degraded,mae,no_buffer,10,-0.35458859186265856,-0.3546988239920438,-0.3544904977438662
16,10,degraded,mae,ttl,10,-0.5654768487621791,-0.5656284194958365,-0.5653200916452573
16,10,degraded,mae,latest_no_guard,10,0.0,0.0,0.0
16,10,degraded,stale_fraction,fifo,10,-1.0,-1.0,-1.0
16,10,degraded,stale_fraction,no_buffer,10,-0.625,-0.625,-0.625
16,10,degraded,stale_fraction,ttl,10,-1.0,-1.0,-1.0
16,10,degraded,stale_fraction,latest_no_guard,10,0.0,0.0,0.0
16,10,healthy,mean_aoi,fifo,10,0.0,0.0,0.0
16,10,healthy,mean_aoi,no_buffer,10,-12.16040210018641,-12.160421076849746,-12.160381990206407
16,10,healthy,mean_aoi,ttl,10,0.0,0.0,0.0
16,10,healthy,mean_aoi,latest_no_guard,10,0.0,0.0,0.0
16,10,healthy,delivery_ratio,fifo,10,0.0,0.0,0.0
16,10,healthy,delivery_ratio,no_buffer,10,0.37475262993438185,0.3747526299343818,0.37475262993438185
16,10,healthy,delivery_ratio,ttl,10,0.0,0.0,0.0
16,10,healthy,delivery_ratio,latest_no_guard,10,0.0,0.0,0.0
16,10,healthy,mae,fifo,10,0.0,0.0,0.0
16,10,healthy,mae,no_buffer,10,-0.23361916202178185,-0.2336231157576815,-0.23361493298265495
16,10,healthy,mae,ttl,10,0.0,0.0,0.0
16,10,healthy,mae,latest_no_guard,10,0.0,0.0,0.0
16,10,healthy,stale_fraction,fifo,10,0.0,0.0,0.0
16,10,healthy,stale_fraction,no_buffer,10,-0.375,-0.375,-0.375
16,10,healthy,stale_fraction,ttl,10,0.0,0.0,0.0
16,10,healthy,stale_fraction,latest_no_guard,10,0.0,0.0,0.0
16,10,outage,mean_aoi,fifo,10,-12.618559011997979,-12.619525773723119,-12.617414322396087
16,10,outage,mean_aoi,no_buffer,10,-11.303669574282017,-11.304378084666492,-11.302905477413265
16,10,outage,mean_aoi,ttl,10,-5.897523518451236,-5.8991651404290595,-5.8958869410107715
16,10,outage,mean_aoi,latest_no_guard,10,0.0,0.0,0.0
16,10,outage,delivery_ratio,fifo,10,3.124674513069747e-05,-9.374023539217013e-05,0.00016664930736378646
16,10,outage,delivery_ratio,no_buffer,10,0.09365691073846479,0.09356317050307264,0.09375065097385693
16,10,outage,delivery_ratio,ttl,10,-5.207790855120687e-05,-0.0001562337256535984,5.2077908551173555e-05
16,10,outage,delivery_ratio,latest_no_guard,10,0.0,0.0,0.0
16,10,outage,mae,fifo,10,-0.3423859183130308,-0.3424881860456328,-0.3422849226140442
16,10,outage,mae,no_buffer,10,-0.11677501385052688,-0.11683309129526938,-0.1167146953339937
16,10,outage,mae,ttl,10,-0.2229709936158696,-0.22307762599302405,-0.2228593441157582
16,10,outage,mae,latest_no_guard,10,0.0,0.0,0.0
16,10,outage,stale_fraction,fifo,10,-0.7408050808943829,-0.7408607525904382,-0.7407369114706418
16,10,outage,stale_fraction,no_buffer,10,-0.2765860752590439,-0.2766303853844756,-0.27653608434830035
16,10,outage,stale_fraction,ttl,10,-0.7399495546264316,-0.7400620341756046,-0.7398211688783858
16,10,outage,stale_fraction,latest_no_guard,10,0.0,0.0,0.0
16,10,overloaded,mean_aoi,fifo,10,-27.86927013270335,-27.871983321214532,-27.866727864820245
16,10,overloaded,mean_aoi,no_buffer,10,-27.817439414424832,-27.82017975993019,-27.814957595778218
16,10,overloaded,mean_aoi,ttl,10,-27.865124295582802,-27.86765722993565,-27.86275306762425
16,10,overloaded,mean_aoi,latest_no_guard,10,0.0,0.0,0.0
16,10,overloaded,delivery_ratio,fifo,10,-2.083116342049135e-05,-0.00011457139881264206,6.249349026141992e-05
16,10,overloaded,delivery_ratio,no_buffer,10,1.0415581710240818e-05,-3.1246745130722456e-05,5.207790855120409e-05
16,10,overloaded,delivery_ratio,ttl,10,-2.0831163420480247e-05,-0.0001354025622331223,8.332465368191821e-05
16,10,overloaded,delivery_ratio,latest_no_guard,10,0.0,0.0,0.0
16,10,overloaded,mae,fifo,10,-0.7274907284495724,-0.7279231206576611,-0.7270870998210813
16,10,overloaded,mae,no_buffer,10,-0.43979942729577504,-0.4402901372162226,-0.43935475480135017
16,10,overloaded,mae,ttl,10,-0.6786746659669346,-0.6791032946649421,-0.6782687546959267
16,10,overloaded,mae,latest_no_guard,10,0.0,0.0,0.0
16,10,overloaded,stale_fraction,fifo,10,-0.9025915742592258,-0.9048025643064899,-0.9006361627431378
16,10,overloaded,stale_fraction,no_buffer,10,-0.7775915742592256,-0.7798025643064896,-0.7756361627431377
16,10,overloaded,stale_fraction,ttl,10,-0.9024859116524269,-0.9047014463279401,-0.9005316646973278
16,10,overloaded,stale_fraction,latest_no_guard,10,0.0,0.0,0.0
