run,scenario,policy,qos,seed,devices,rate,generated,sent,delivered,delivery_ratio,mean_aoi,p95_aoi,stale_fraction,mae,mean_latency,duplicates,rejections,regressions,max_queue,remaining,coalesced,audit_count,payload_bytes,recovery_seconds,wall_seconds,cpu_seconds,peak_runner_rss_bytes,peak_broker_rss_bytes
degraded-fifo-q1-s0,degraded,fifo,1,0,4,20,480,194,194,0.4041666666666667,2.137175807320954,3.4639938000036636,0.8841463414634146,0.40842179172899945,1.8191910670143094,0,0,0,285,286,0,480,14647,,6.005132699996466,0.5625,29167616,4861952
outage-latest-q0-s2,outage,latest,0,2,4,20,480,260,260,0.5416666666666666,0.5039830987735723,1.8749914999876631,0.2225609756097561,0.09706266730404868,0.05492704614724316,0,0,0,4,2,218,480,20137,0.11181829999259207,6.013105499994708,0.375,29302784,4861952
overloaded-latest-q1-s2,overloaded,latest,1,2,4,20,480,128,128,0.26666666666666666,0.23076464146125528,0.3477753999992377,0.0,0.04212631344598885,0.13660213515466155,0,0,0,4,6,346,480,9922,,6.0009710000013,0.484375,29638656,4861952
healthy-latest-q2-s1,healthy,latest,2,1,4,20,480,393,393,0.81875,0.06322521768693945,0.10062210001051408,0.0,0.011736021663007471,0.028965145551100534,0,0,0,4,0,87,480,30497,,6.015097600000445,0.84375,29978624,4861952
healthy-fifo-q0-s0,healthy,fifo,0,0,4,20,480,393,393,0.81875,0.6856982182881222,1.0915146999992515,0.15548780487804878,0.1238375163574182,0.5654764887993841,0,0,0,90,87,0,480,30350,,6.001230599998962,0.65625,30117888,4861952
overloaded-latest-q0-s0,overloaded,latest,0,0,4,20,480,129,129,0.26875,0.23214666158065658,0.3529750000016163,0.0,0.042493385651562764,0.13097512402703873,0,0,0,4,5,346,480,9983,,6.0105283000011696,0.375,30007296,4837376
degraded-no_buffer-q1-s1,degraded,no_buffer,1,1,4,20,480,195,195,0.40625,1.809224112191195,5.49219119999907,0.5,0.2783500628446282,0.08505545589397147,0,2,0,4,4,0,480,14997,,6.012208100000862,0.484375,29843456,4837376
healthy-fifo-q1-s1,healthy,fifo,1,1,4,20,480,393,393,0.81875,0.6863672384212678,1.094215500002619,0.15548780487804878,0.12392074103538894,0.5659379893191848,0,0,0,90,87,0,480,30350,,6.004644100001315,0.6875,30208000,4837376
overloaded-no_buffer-q0-s1,overloaded,no_buffer,0,1,4,20,480,130,130,0.2708333333333333,1.897324517684357,5.502764400007436,0.5,0.2898949722753354,0.13080448461582714,0,27,0,4,4,0,480,10012,,6.008059900006629,0.328125,30081024,4837376
outage-no_buffer-q0-s1,outage,no_buffer,0,1,4,20,480,256,256,0.5333333333333333,0.5311612648190439,1.8862941000086715,0.22993827160493827,0.10438073133047727,0.05416234180160542,0,0,0,4,1,0,480,19779,0.14256659999955446,6.0153091000101995,0.515625,29855744,4837376
overloaded-latest-q0-s2,overloaded,latest,0,2,4,20,480,130,130,0.2708333333333333,0.22793119573258386,0.3432674000010696,0.0,0.04151167039409313,0.1339745153845416,0,0,0,4,4,346,480,10077,,6.012387299997499,0.4375,30113792,4837376
overloaded-no_buffer-q0-s2,overloaded,no_buffer,0,2,4,20,480,130,130,0.2708333333333333,1.893497247568269,5.495016400003806,0.5,0.2892761335946666,0.13074055923744882,0,31,0,4,4,0,480,10027,,6.014960400003474,0.546875,29986816,4837376
outage-fifo-q1-s1,outage,fifo,1,1,4,20,480,260,260,0.5416666666666666,1.8527327441726287,2.755953000005687,0.7668711656441718,0.3498605995749627,1.6598385084625291,0,0,0,221,220,0,480,19856,,6.008701700004167,0.53125,29868032,4837376
outage-no_buffer-q0-s2,outage,no_buffer,0,2,4,20,480,260,260,0.5416666666666666,0.5233544195120075,1.8985068999987555,0.22865853658536586,0.10205503661851097,0.05461823500090029,0,0,0,4,3,0,480,20087,0.1954602000041632,6.005309500003932,0.546875,30052352,4837376
overloaded-no_buffer-q2-s0,overloaded,no_buffer,2,0,4,20,480,129,129,0.26875,1.896198744512085,5.498946699997759,0.5,0.2896963982053854,0.1338958147274551,0,33,0,4,5,0,480,9951,,6.0023675999982515,0.5,30085120,4837376
overloaded-fifo-q2-s2,overloaded,fifo,2,2,4,20,480,129,129,0.26875,2.621658936584768,4.246402399992802,0.9466463414634146,0.5023748536197978,2.2587954883708465,0,0,0,349,351,0,480,9685,,6.006120100006228,0.3125,29863936,4837376
overloaded-fifo-q0-s2,overloaded,fifo,0,2,4,20,480,129,129,0.26875,2.6197365300635953,4.240024000001721,0.950920245398773,0.5022427622030152,2.2558078751954795,0,0,0,349,351,0,480,9685,,6.002351500006625,0.359375,29999104,4837376
outage-fifo-q2-s2,outage,fifo,2,2,4,20,480,261,261,0.54375,1.837278681712244,2.748410700005482,0.7637195121951219,0.34660070637545226,1.6472612735682652,0,0,0,220,219,0,480,19934,,6.007507300004363,0.515625,29999104,4837376
overloaded-fifo-q2-s1,overloaded,fifo,2,1,4,20,480,129,129,0.26875,2.6198648548853942,4.243620500012184,0.9512195121951219,0.5018049875401195,2.2603191814017602,0,0,0,350,351,0,480,9682,,6.004033700010041,0.390625,29851648,4837376
degraded-no_buffer-q1-s2,degraded,no_buffer,1,2,4,20,480,195,195,0.40625,1.8127941676850488,5.499991100004991,0.5,0.2785129359392741,0.08513516359203224,0,4,0,4,4,0,480,15024,,6.001540500001283,0.625,30031872,4837376
healthy-fifo-q2-s0,healthy,fifo,2,0,4,20,480,393,393,0.81875,0.687625746338357,1.1012023000017592,0.16463414634146342,0.12405403558634744,0.5677647529225928,0,0,0,90,87,0,480,30350,,6.010219000003417,0.8125,30138368,4837376
degraded-latest-q1-s1,degraded,latest,1,1,4,20,480,195,195,0.40625,0.15085400549445832,0.22026960000803175,0.0,0.027374082413718262,0.08364791334029491,0,0,0,4,4,281,480,15121,,6.0083911000110675,0.484375,30052352,4837376
healthy-latest-q1-s2,healthy,latest,1,2,4,20,480,393,393,0.81875,0.06298269816557991,0.10048029998725383,0.0,0.011669110928837271,0.027642236126524986,0,0,0,4,0,87,480,30483,,6.014450299990131,0.71875,30269440,4837376
outage-fifo-q2-s0,outage,fifo,2,0,4,20,480,260,260,0.5416666666666666,1.836954651226766,2.753887400004899,0.7591463414634146,0.3464210507634159,1.6457665100068533,0,0,0,221,220,0,480,19856,,6.00177070000791,0.546875,30081024,4837376
outage-no_buffer-q2-s2,outage,no_buffer,2,2,4,20,480,260,260,0.5416666666666666,0.5194760140240321,1.8827251000009704,0.22560975609756098,0.1021745373817948,0.05566945230709746,0,0,0,4,3,0,480,20080,0.10887270000239369,6.010015299994848,0.640625,30085120,4837376
overloaded-fifo-q0-s1,overloaded,fifo,0,1,4,20,480,129,129,0.26875,2.6155777365878907,4.241071700002066,0.9451219512195121,0.5010486268337969,2.254895893800728,0,0,0,350,351,0,480,9682,,6.001510100002633,0.28125,30162944,4837376
degraded-fifo-q1-s2,degraded,fifo,1,2,4,20,480,195,195,0.40625,2.135608713421192,3.4769880000123523,0.8841463414634146,0.40809628661209413,1.8296254087241146,0,0,0,285,285,0,480,14727,,6.004918500009808,0.453125,29974528,4837376
outage-fifo-q1-s0,outage,fifo,1,0,4,20,480,261,261,0.54375,1.8352125701207573,2.747311500002982,0.7637195121951219,0.3462445030121794,1.643796986971803,0,0,0,220,219,0,480,19934,,6.006370100003551,0.4375,29982720,4837376
outage-no_buffer-q1-s1,outage,no_buffer,1,1,4,20,480,260,260,0.5416666666666666,0.5241082445141299,1.9108788999990787,0.22865853658536586,0.10198440967785917,0.05438519769456197,0,0,0,4,3,0,480,20083,0.22834940000029746,6.009943800003384,0.71875,30081024,4837376
degraded-fifo-q2-s1,degraded,fifo,2,1,4,20,480,195,195,0.40625,2.141872073777792,3.4711519999982556,0.8826219512195121,0.409238376209,1.8343534410232827,0,0,0,285,285,0,480,14727,,6.010570999991614,0.59375,29913088,4837376
healthy-no_buffer-q0-s1,healthy,no_buffer,0,1,4,20,480,393,393,0.81875,0.0793363115899191,0.20206690000778682,0.0,0.014756047452346223,0.028185984737511202,0,0,0,4,1,0,480,30423,,6.00830310001038,0.71875,30158848,4837376
healthy-no_buffer-q1-s1,healthy,no_buffer,1,1,4,20,480,394,394,0.8208333333333333,0.07855877744503958,0.20074360001018388,0.0,0.014654877225012184,0.02768414975257381,0,0,0,4,1,0,480,30485,,6.010519200004637,0.859375,30064640,4837376
overloaded-no_buffer-q2-s1,overloaded,no_buffer,2,1,4,20,480,130,130,0.2708333333333333,1.896753798785963,5.5017823000089265,0.5,0.2897972575292863,0.13126132539010435,0,26,0,4,4,0,480,10010,,6.0067783999984385,0.5625,30011392,4837376
outage-latest-q1-s0,outage,latest,1,0,4,20,480,260,260,0.5416666666666666,0.5044905256053414,1.8745412999938702,0.2225609756097561,0.0971471296252846,0.05441780691887473,0,0,0,4,3,217,480,20120,0.11165389999223407,6.011030099994969,0.59375,30187520,4837376
degraded-no_buffer-q0-s2,degraded,no_buffer,0,2,4,20,480,195,195,0.40625,1.8126834780554753,5.499064300005557,0.5,0.27853330966015816,0.08533690667354875,0,4,0,4,4,0,480,15023,,6.004918600010569,0.4375,29896704,4837376
degraded-latest-q1-s2,degraded,latest,1,2,4,20,480,195,195,0.40625,0.15610373658724794,0.22353089999524478,0.0,0.028808675780764376,0.08728473128442354,0,0,0,4,5,280,480,15101,,6.004875300001004,0.5,30187520,4837376
degraded-fifo-q0-s1,degraded,fifo,0,1,4,20,480,195,195,0.40625,2.140678362193073,3.4692620999994688,0.8826219512195121,0.40902994266020504,1.8317311820487687,0,0,0,285,285,0,480,14727,,6.0092341999989,0.390625,30203904,4837376
healthy-latest-q0-s1,healthy,latest,0,1,4,20,480,392,392,0.8166666666666667,0.06341463190097142,0.10082650000404136,0.0,0.01178772394783726,0.02773530050902901,0,0,0,4,1,87,480,30421,,6.00042549999489,0.640625,30199808,4837376
degraded-no_buffer-q2-s2,degraded,no_buffer,2,2,4,20,480,195,195,0.40625,1.8093564469459569,5.493046499992488,0.5,0.2783057233448764,0.08566165332836545,0,0,0,4,4,0,480,14992,,6.014435799996136,0.796875,30097408,4837376
overloaded-latest-q2-s0,overloaded,latest,2,0,4,20,480,129,129,0.26875,0.23180597500486305,0.3530389000079692,0.0,0.04245333147772125,0.13242532403527707,0,0,0,4,5,346,480,9984,,6.011241600004723,0.515625,30191616,4837376
degraded-latest-q0-s2,degraded,latest,0,2,4,20,480,195,195,0.40625,0.1525933460140734,0.22265780000307056,0.0,0.02796140929528456,0.08691453897596109,0,0,0,4,4,281,480,15081,,6.012595000007423,0.40625,30019584,4837376
healthy-latest-q0-s0,healthy,latest,0,0,4,20,480,394,394,0.8208333333333333,0.06317850731572079,0.10188279999420935,0.0,0.011690764154906764,0.027693901013557058,0,0,0,4,0,86,480,30552,,6.012481900004786,0.546875,30302208,4837376
